event_datetime_utc,source_name,source_url,source_type,claim_text,country,location_text,actor_1,actor_2,event_type,domain,severity_score,confidence_score,information_status,tags,last_updated_at
2026-01-02 11:00:00+00:00,GDELT,https://www.blic.rs/vesti/svet/rat-na-ulicama-irana-ima-mrtvih-situacija-na-ivici-ambisa-tramp-brutalno-preti/0tz0rph,news,"Rat na ulicama Irana , ima mrtvih : Situacija na ivici ambisa , Tramp brutalno preti",Iran,Iran,Iran,,other,other,3,0.6,unverified,['iran'],2026-03-27 09:12:32 UTC
2026-02-28 00:00:00+00:00,ISW,https://understandingwar.org/research/middle-east/iranian-ballistic-missiles-cruise-missiles-and-drones-launched-at-the-united-arab-emirates-between-february-28-2026-and-march-18-2026/,osint,"Iranian Ballistic Missiles, Cruise Missiles, and Drones Launched at the United Arab Emirates between February 28, 2026 and March 18, 2026",Iran,Iran,Iran,,missile_attack,military,8,0.9,verified,"['iran', 'drone', 'missile']",2026-03-27 09:12:32 UTC
2026-02-28 00:00:00+00:00,ISW,https://understandingwar.org/research/middle-east/iranian-ballistic-missiles-cruise-missiles-and-drones-launched-at-saudi-arabia-between-february-28-2026-and-march-18-2026/,osint,"Iranian Ballistic Missiles, Cruise Missiles, and Drones Launched at Saudi Arabia between February 28, 2026 and March 18, 2026",Iran,Iran,Iran,,missile_attack,military,8,0.9,verified,"['iran', 'drone', 'missile']",2026-03-27 09:12:32 UTC
2026-03-01 00:00:00+00:00,ISW,https://understandingwar.org/research/middle-east/iranian-ballistic-missiles-and-drones-launched-at-saudi-arabia-between-march-1-2026-and-march-20-2026/,osint,"Iranian Ballistic Missiles and Drones Launched at Saudi Arabia Between March 1, 2026 and March 20, 2026",Iran,Iran,Iran,,missile_attack,military,8,0.9,verified,"['iran', 'drone', 'missile']",2026-03-27 09:12:32 UTC
2026-03-04 08:00:00+00:00,Google News,https://news.google.com/rss/articles/CBMi1AFBVV95cUxPclpkaVUtclYzU3BDdTF3TmM1bHFpSkZLNjJZRmtZS3k1aTN0UER5aVdhbGg2NGpESVFnUFJvdDVWYXNIS1lFWUtMdU1zVUJ5dXlrSmx5V1dJZDNycFRyYUJKLXZkVER3NGw3VVFEMmlIREdCMURYQ2swSTNkUHo0Ri1PNFNiS2JVbzBmVE1HV0dxdUVMdjNKeVh4LXNmYlhqT1czYktaUTJMMi01R2ZyUnI5Zk42STQ1LVBWblplbkdWNUNyR2ZTbFJ4LXc5OWlya2M5cdIB2wFBVV95cUxOejZtd1piLXhOZ2pBWERiV3hyMGRKMlRLRnZDd3U3Z1c0WWhqUWlZakI4ZUM3RVNSdnZ0NE0xc3BvZGNTN1hmREVla2N1U3paTlVJalNIRExacjN5cW5OMEY3eUczMWVHQ2VhZzh0Qk9jOGQ1RUVacWxqbG95bUpvb3VRejhvR0NleFB3aUpvYUQ1NnBLMHRlVEo2QjlBdS12My1Xd1pNSjlEa3I1cDQ2Y19mYWVPSmhVcFh6dXhHQ2NrTE44eUtHUEE0cUFFNHRwNkdmX0RhVkdUTGs?oc=5,news,Iran-Israel war: What has happened so far - The Hindu,Iran,Iran,Iran,Israel,other,other,3,0.5,unverified,"['iran', 'war', 'israel']",2026-03-27 09:12:32 UTC
2026-03-07 08:00:00+00:00,Google News,https://news.google.com/rss/articles/CBMi4wFBVV95cUxPLUR5NElJWFJjSVg4WXJFS2ljM1FXV1EtNTBnNUNtT3p3NDNNVTdNOEZXYnR0NDlRTnMyc09jNWFtWkQ1bE0wLVAzWlBtVzNYQkcwdlo4aEJfWEFkVHNIOHdiRXlvYU9RckFSYmx2MUw4TDBSY2FFTXBnRnR0Y1dROFZfUlAwZEw5dmRScFFSbldvMnV0MVJkQWlNbURYX1NTY3RRZXFBei1PVURNTHEzNTJYMzdUVHZWc0tIUGktYVZtMnd4UmFoMnV6VjRMaWZ4WnRORUVaaU9iYy01Skl4UEtNRdIB8AFBVV95cUxObFpzSmtBZ0tmeHVQbjY2RUdVZHdjUnVYRXB2aEtaZmVwUkpuNGkwQVJtWGlmOWNBbTYwNFFsamZQNndEdGFMOFE4LVlXYkpmdFFDdnFuekFSTUtGNFoydS0yc25QdUl4UXh0Ym5IdUFCWWQ4SzlkWlRwZ2hTZE5Ub3BVdmNUUjFNUHRCeEQwQzFGMXdrV0UxT0Y4NE5MTkh0TGRPeXFMSm8zc1VmRU05VVh5RE1mdmRGUGpJWnF4Y2hBbkpTcnp1aTVSN1RtLWNhTTAtbVJkY2pST29zMEhUQlZsLVhOSm9EZnNVRFBYQjk?oc=5,news,"Iran-Israel conflict heightens risks to India’s energy security, inflation and fiscal stability: Government review - Down To Earth",Iran,Iran,Iran,Israel,other,other,3,0.5,unverified,"['iran', 'conflict', 'israel']",2026-03-27 09:12:32 UTC
2026-03-07 08:00:00+00:00,Google News,https://news.google.com/rss/articles/CBMipgFBVV95cUxPcHA4SEYtM3RfMUkzNGVDeFdaVDFTb28xczB4ci1ZNjVHb09Bdzh2SW1pcXVQSEdyWWE0VEVLekQ5Uk1rc094aDJvZGNpYnhtd0ItMzdBTnJIWm90all0TkRLTDMzM3FoZ2ZKOUJoY0doVVJyYWljODIteThTSHJwRDJpNWVhTlFzSTZCc085d0pqUHNUaGFhRDJLeHZrb0hrUWhlNk5R0gGrAUFVX3lxTFA2NTh4NkptWkZRTFlyX1VXel9QSFZMM3VYTERTaGNfbVR0VDJVSGExY3VPcU5zRGhwOUN4bXUwSnV4bkVITjhkSE9OOENRc3NvOW1qUnJfYzVpLUtibEdSQjFZVG94S0xYZjBhZmFoZXBYbmlCaVpvcHFNbkJaUVBJaXZCYk5XeXlBb3VvQXk4dE9mejd5UHM5WV9idjRueENtQ0xxNzI0RzQxZw?oc=5,news,"Tehran pounded in week two of US-Israel war, Iran targets Israel - Al Jazeera",Iran,Tehran,Iran,Israel,other,other,3,0.5,unverified,"['iran', 'war', 'tehran', 'israel']",2026-03-27 09:12:32 UTC
2026-03-10 07:00:00+00:00,Google News,https://news.google.com/rss/articles/CBMinwFBVV95cUxNWkJYckV1U051V0J0RXlsdVNIdDJBVkZROGp6aUstdWk3UFA4MEZGOTRqeVF5ZkZYZTJvaF95RWlzQTQzT3BYOTZ2LVBCN2VhemM1elpKOFhrVEJLVnFXN0VsaTZMV0k3WTFkRWlHNjVqWEgyVkI0Z0J2bm9wYmg3cXBRaUp3OWZzeTdCVG9SYjdPWS1PNUNLQW8tNjNJV1nSAaQBQVVfeXFMT2VTOHplSUtXMzZtRUxIVE1tczJVVUw4VUI5aUNXZngzdnR0Q1dERkpvNGM0d3FyQm00N3V3WGh4SEI3UC1qWHExeDhrX2JZNk54UC1jZ0w4TFdoQ2NJcDg1bHdGQXJRTjVWcWNYamxodHNKZTdpODlQdlA4Z3h1QW5OaFplMDN4d1lDa2tWbnFxalNXQkJneFBhN0FTV2dLR2xoZXo?oc=5,news,Iran war: What is happening on day 12 of US-Israel attacks? - Al Jazeera,Iran,Iran,Iran,Israel,other,military,8,0.5,unverified,"['iran', 'attack', 'war', 'israel']",2026-03-27 09:12:32 UTC
2026-03-11 07:00:00+00:00,Google News,https://news.google.com/rss/articles/CBMirAFBVV95cUxOTkNHbTRsNmFqX1BHUXJVT29VdUFEUk1UNXZUTGlhcXJqcGlkTktubVk2cFN5Rlp1eUJsbk5LekJFZmVZWkNPY0diYmczT0pZM09BSmUybUEtNDQ3N1NkU2tIV09yREwxYi1zS1BxSkc0UTROVS01Y01LR091OE1HSnhNTEFYb1czblp3aWloSnlGU0FIMkE2WUMtLXNEbEVoRk1QRmQyQ2tnOUJB0gGyAUFVX3lxTFBCSDFiMVM0aEhzanpFLWUwcm5JQTZFZ0w3ZmRXSFpJNk9TUVJ6QUpRM1dXc2pCZUNrOU8xMHFQaUoyS3BRWUlPWnk2YjFKdTF0a0xva0c5aFJmQzZlc202ODNQZWFxaVBWbnlZNUZwTVNtTVJFMFF0RnFmNUNTcGdxRnFOOXlPRjMtd0d3WXRsYzdMVjJBR3BpR040dC15VlNISTdCOEpIbkEtMTc0eHc5ZlE?oc=5,news,"12 days: How 2025 Iran blueprint trapped US, Israel in longer war - Al Jazeera",Iran,Iran,Iran,Israel,other,other,3,0.5,unverified,"['iran', 'war', 'israel']",2026-03-27 09:12:32 UTC
2026-03-17 00:00:00+00:00,ISW,https://understandingwar.org/research/middle-east/iran-update-special-report-march-17-2026/,osint,"Iran Update Special Report, March 17, 2026",Iran,Iran,Iran,,other,other,3,0.8,verified,['iran'],2026-03-27 09:12:32 UTC
2026-03-18 00:00:00+00:00,ISW,https://understandingwar.org/research/middle-east/iran-update-special-report-march-18-2026/,osint,"Iran Update Special Report, March 18, 2026",Iran,Iran,Iran,,other,other,3,0.8,verified,['iran'],2026-03-27 09:12:32 UTC
2026-03-19 00:00:00+00:00,ISW,https://understandingwar.org/research/middle-east/iran-update-special-report-march-19-2026/,osint,"Iran Update Special Report, March 19, 2026",Iran,Iran,Iran,,other,other,3,0.8,verified,['iran'],2026-03-27 09:12:32 UTC
2026-03-20 00:00:00+00:00,ISW,https://understandingwar.org/research/middle-east/iran-update-special-report-march-20-2026/,osint,"Iran Update Special Report, March 20, 2026",Iran,Iran,Iran,,other,other,3,0.8,verified,['iran'],2026-03-27 09:12:32 UTC
2026-03-21 00:00:00+00:00,ISW,https://understandingwar.org/research/middle-east/iran-update-special-report-march-21-2026/,osint,"Iran Update Special Report, March 21, 2026",Iran,Iran,Iran,,other,other,3,0.8,verified,['iran'],2026-03-27 09:12:32 UTC
2026-03-22 00:00:00+00:00,ISW,https://understandingwar.org/research/middle-east/iran-update-evening-special-report-march-22-2026/,osint,"Iran Update Special Report, March 22, 2026",Iran,Iran,Iran,,other,other,3,0.8,verified,['iran'],2026-03-27 09:12:32 UTC
2026-03-23 00:00:00+00:00,ISW,https://understandingwar.org/research/middle-east/iran-update-special-report-march-23-2026/,osint,"Iran Update Special Report, March 23, 2026",Iran,Iran,Iran,,other,other,3,0.8,verified,['iran'],2026-03-27 09:12:32 UTC
2026-03-23 17:21:31+00:00,Google News,https://news.google.com/rss/articles/CBMiWkFVX3lxTFBLRUpYN0FvVmZYemhQRWd5aE8wVXk0VVhVWkNBVkZQQVRvWDd1OThuSGdvclZBaTd4UFpjS3ctUjlBZlBodnNLaUNYbnJFUDBLenR2cnZzVV9lZw?oc=5,news,US-Israel war with Iran: Mapping strikes across the Middle East - BBC,Iran,Iran,Iran,Israel,airstrike,military,8,0.5,unverified,"['iran', 'war', 'strike', 'israel']",2026-03-27 09:12:32 UTC
2026-03-24 00:00:00+00:00,ISW,https://understandingwar.org/research/middle-east/iran-update-special-report-march-24-2026/,osint,"Iran Update Special Report, March 24, 2026",Iran,Iran,Iran,,other,other,3,0.8,verified,['iran'],2026-03-27 09:12:32 UTC
2026-03-24 04:28:00+00:00,Google News,https://news.google.com/rss/articles/CBMiowFBVV95cUxPLTk3RzVPcUhCM3pud0pOaU1NSzlORlhvNFI4TUVxX19GR2ppYmZhOUlHTnFwWmI1OWlURlMzX2piOGhPRWIyeGw4bkRFLVl5NUJHeEdIQ2ZjMlQ2cXRsSVBRSUpEZWFvZDlIc3dqZlJHcEUyYmZXWWEzVkVaeFAtNzEtZ3UwTDlvdS1qNVF3Zmd6ZFRvT29NdmJnclBCSkFwMDlZ?oc=5,news,What we know on Day 25 of the US and Israel’s war with Iran - CNN,Iran,Iran,Iran,Israel,other,other,3,0.5,unverified,"['iran', 'war', 'israel']",2026-03-27 09:12:32 UTC
2026-03-24 07:00:00+00:00,Google News,https://news.google.com/rss/articles/CBMidEFVX3lxTE1uUWpBOUw3b05zUlRrZFVqbThvSTc1elBsdzItdm4tR0M0eUYzSWN1Qm45RGp0R0pLbzJLekxiZ3JBODRlSjB5T2hIMThDVG12NG1zcnVKYzJNYnhqdFE0MVUtcU5VUWR1UkJ6dWthdVRvcW5t?oc=5,news,Iran War Maps: Tracking the Mideast Conflict - The New York Times,Iran,Iran,Iran,,other,other,3,0.5,unverified,"['iran', 'war', 'conflict']",2026-03-27 09:12:32 UTC
2026-03-24 11:08:10+00:00,Google News,https://news.google.com/rss/articles/CBMia0FVX3lxTE9zOE1sVDFSeUVhTmZyUWhlLV91TE9md2tLN2lCS3dhdUM1VzdrdGVhcmJzaXRkaVdmaDUyenBpWGFaSzBpTTQybEFxLUpPVmkyUW5oUXloSUh1YjN1b3VOaU5TWDJ3ZXhYcENN?oc=5,news,Trump declares victory and claims Iran offers a 'prize' in talks Iran has denied having - NPR,Iran,Iran,Iran,,other,political,3,0.4,unverified,"['iran', 'talks']",2026-03-27 09:12:32 UTC
2026-03-24 19:17:13+00:00,Google News,https://news.google.com/rss/articles/CBMijAFBVV95cUxPYmNGdmZUbXZFVTBlM1dGODhkWVlmNTJlV3oyeTNfMWhiSHBzaENFMzIxemtsQTdFRGtNbGpFSGZqMjhBY0pLM212WldUcXhWd25mRmowb01Da3pNRGdfRHBtLXg5aGhpUHhXWjFjdGpuOURmZXFJZGJYekxETGpoRGdZSy00dDZuLU1WVQ?oc=5,news,Israel's war against Hezbollah takes a dangerous turn. Here's what you need to know - Australian Broadcasting Corporation,Israel,Israel,Israel,USA,other,other,3,0.5,unverified,"['war', 'hezbollah', 'israel']",2026-03-27 09:12:32 UTC
2026-03-25 00:00:00+00:00,ISW,https://understandingwar.org/research/middle-east/iran-update-special-report-march-25-2026/,osint,"Iran Update Special Report, March 25, 2026",Iran,Iran,Iran,,other,other,3,0.8,verified,['iran'],2026-03-27 09:12:32 UTC
2026-03-25 00:00:00+00:00,ISW,https://understandingwar.org/research/middle-east/hezbollah-claimed-attacks-targeting-idf-forces-and-positions-in-israel-between-march-1-and-march-25-2026/,osint,"Hezbollah-Claimed Attacks Targeting IDF Forces and Positions in Israel Between March 1 and March 25, 2026",Israel,Israel,Israel,Hezbollah,other,military,8,0.9,verified,"['idf', 'attack', 'hezbollah', 'israel']",2026-03-27 09:12:32 UTC
2026-03-25 04:35:46+00:00,Google News,https://news.google.com/rss/articles/CBMi-gFBVV95cUxOQXRrbTIwNXpiMGE4OHByWkxlY05vcTk1VHc3Z3lzZmtVZkhxbF83RlRKbTZfR0s0Mk9Od1F3TGxyRGJ1UElNVTNQLUlOc2ZZNTZKYUVXNkhGS21rR1JSVVhkVGZJMjE1Q2RpUTAzQ1hVajVIYkN0TUJpS1hzbzJ6RWxsZkM3dEt6RmNxUUM3SXVPeEVnTDZUamhYRGF1UDdOYzdFeHJwcmlaY1RoRGNnYlhNYkhBdG5HMVN1c0d4M253SVpaaHRxbEoxa2dmZW5iTXR1cTl3RDVVTHZkYlY0TDQxUGRDTVNWZGFkQmtMZVdGQ2Y5SmQ2Y2pR0gH_AUFVX3lxTE5MOGUxT3Y0dk15T0MxSlRRT1NwamhxQ2tNV3hKOEZ6Yk5NYjdMNWxha1FDS09MbmxoX1JONklZWExnQ1U1akI1dU9BZzhBR0ZhZTFBUUxCa3ZOMG5YRzJaektCY2NLZEh1ekFUOVZYdl94djNRVWE0LVRnYy00Vk1tdWhENVV4NEhQR3dhUWR4ZjkwWW5Pak9hRFFJZi11dVRrbmdaZHFvaE1OOUpDYndJVFlqd2h0MUJ2RlV0R3c0ek1yTVNKc3ZZSmczZi1KMGJJbkpMV2UwcC1lanZKVUhFWC1yZkpDZVItMXNGWTJBMmVUZjZCdnVoQmt2N3A2Zw?oc=5,news,"Iran-Israel war fallout: 87% smallcaps crash, 35% in double-digit losses. Tips to hunt safe haven - The Economic Times",Iran,Iran,Iran,Israel,other,other,3,0.5,unverified,"['iran', 'war', 'israel']",2026-03-27 09:12:32 UTC
2026-03-25 10:17:53+00:00,Google News,https://news.google.com/rss/articles/CBMihAJBVV95cUxPRWRLOWFxOUJxVkxnR0RrRW1yQ0x4WTJPdTNiSUJpcjJXVHRFNkt4ZTNUamVjMGxsOEM4M3RTTVR5Z0J4NWVrRU1aUlRXX09ISEtNSDFqbjBrRW1jR0RWdjhtR21uRG9TVU1DXzZpMkJxQkJXUkE1MEE4aDRCOTNfS1JjNEM2TkVSdURla3JxSmZfWWJaV2pYeU1SV0luUmZpXzZiOFNNSWVXdlJOTVFQaGprMDFJdFBHVklYUlpPMTNiUHVZSV9tS1FOeGRoa3ZldGlPTUduMGNrWHlyd3RzdXJ0MHJrN0ZDXzk5VWxtOU5Sb183STJWLTc2OEFKRlh3cEctcNIBigJBVV95cUxQSDFMdXVINmJmWXFqaFQzUlhUM1hfM2VQbHZMWHpEWlV4b3Z5REo2OHF5UUd6UFI4SmV6a253LXFSWURfTkZDa2pvV1dtX29Fd2QzN3BFYWFjajViYnNaSGJyMmR1R3VvMnZuNmFDQ2tTSmR5MXhoUFpGRGxYUDNjeFZOc2I4bGczQzNSWlI5VXRVYWJsRE9fcGxMbVJOaWozdEk0bXBDdzZyVndZNUdaMWJNQUNyTmJ2VDFkWThIOEptRHA2bW1HTkdXWFVoNzVlWjYwbWVhSmZYNDQzYlpISUpMdndQZXdnWXV0cG1kQlk1UGRoVFpXMHVLcGtZYklTZGlIMl9iNXBlQQ?oc=5,news,"Iran-Israel war: India scales up evacuation via alternate routes as Kuwait, Bahrain airspace stays shut - The Economic Times",Iran,Iran,Iran,Israel,other,other,3,0.5,unverified,"['iran', 'war', 'israel']",2026-03-27 09:12:32 UTC
2026-03-25 11:50:55+00:00,Google News,https://news.google.com/rss/articles/CBMisgFBVV95cUxOLUhVMEpadUE0SzJpVDNuYVBfcmpIZVZ1eXN6RmRIMDlnaU5wQVN3M0tDMDhPN0Q1MHJWSjd0YjNDbU9kbGZtcXZRcXF6OFJ6VWFHYjUzMDNTWE1lWGVrdC1aX0JxaUVUVjRvdC10ZDladkVZYzlYNjZvc1huR09Ed3JtYnRPV2RqSVc5TDU1Nm5sZ1JwVG5yZGRuV0RpMTVENzBBTXVZUkZpUjM3akZfRV9n0gG3AUFVX3lxTE1ROGtBSWJOMW1GWGVGS3RVSjVvZWpqWURTOEhUVTFaQ0wzTjNaSG9UV3d2N3pubk02SkxZU0tXd3E4MEVzNDZFdTJ4NjhxT2Y4d2hKUEhUSW1WQ1JuVUo1aGx0T2RyX095b2pyUF9hX19pempYSUdRQ0thUllScTlLWkJHTGNYRG1yWHJmSU9nZ25FRXo1YmFEUUVldDlZc3ZycnY4OC04RElUdVZoZVhja1lrTUNzNA?oc=5,news,US-Iran mediation: What are each side’s demands – and is a deal possible? - Al Jazeera,Iran,Iran,Iran,USA,other,other,3,0.5,unverified,['iran'],2026-03-27 09:12:32 UTC
2026-03-25 14:24:31+00:00,Google News,https://news.google.com/rss/articles/CBMi1wFBVV95cUxQV1lzTkRjckJPT05jZzBQcE5YazJESVhKTXJ0UlFRNndPUVZLYk52Q1dDOC00M3FEbzlPNVBja1hYUHNlc1k1QzhWQ2FyOGhsaTE4eXJfeFU0QmNXUWNPT0tZMEtEbjIyUDE4M01meWxiaVZJZlkzbDZvM0xocFE0c0Y3MlozVWdMQXNpN1hSSTk1NVl6U01YUWhCTjdnMWJ3VjZuODlIdWlvYThaRXhmM3NMVGhnQXZISlFOTVdSQU1VaFBUZzl0cTRobzlMRi1WRkFha0J6c9IB3AFBVV95cUxOZnBwdzhodzM3WDRNWldYMVhrTkQyS2pwdkRqWldDMkNpemhFODJaQnlOOXJlZGsyMHBrcUUtRjZReUJ0WnU2YXNfUHh5ZHJOWmtydzg3LU9IVGljWURhbEtWbFhRZEVzNk1DbzhFbl94VDNGYmRVaU1RWWViMkg1aXY1LTB5LXdXeS1vSFZkUXl0Z29iOWxPTEd5VklFYjJSTUVFWXZNQXE3QThtczBXWi1aMHV2YXNZa1lodjNaZlM2czFpM3pKRjllMlFDVzA1Q2k5YmVTaUptMjdS?oc=5,news,"Pakistan or Turkey may host US-Iran talks, proposal conveyed to Tehran: says Iranian official - Telegraph India",Iran,Tehran,Iran,USA,other,political,3,0.6,unverified,"['iran', 'talks', 'tehran']",2026-03-27 09:12:32 UTC
2026-03-25 15:04:00+00:00,Google News,https://news.google.com/rss/articles/CBMirgFBVV95cUxQdmh1NXZPdWlNVlZXcW8tNE55aF91ODVRd0M4U0ZlLVlfTkdpV0lkNzJZdG4xdGU2dkJ1ZnhpcUZGbjlSVHN6Z3dGTnFJdDFEaTA4SXNmMmNWLUtteWNiSE93VnFhZm9Sa1ZaTHRDWlNfU3NTdWVRWHJYTkE2RGpvblROTk9uYnVqUC1rNm1MdF9OdWZ5TXFNUXE1Z2lTc1dMWnZJSXlrdWFyVmVuZ1HSAbMBQVVfeXFMTmlkbEU4TlkzREhOTjNFRzFiVHBlMTJDRjNlbGpqSS1fR2l5aUluRHZSbzRxMXo3MkdsREVISEUzMnJiclQ1MC1XR0FJN3NYYThRQkxoRWhYMF9lbUFnb3MxYzZEU0VGR1J4UlZfMFBXclQ4OXZWc0dzVFhFZF96UGYwNnpTR3E1Zjl1Z1hOeGMtUkZscDVxSi1ISWhwVFFjTDYwOGJYdkZHSzNXVHFBQ3ZLcjA?oc=5,news,Pakistan offers peace: Can it really end the US–Iran–Israel War? - WION,Iran,Iran,Iran,Israel,other,other,3,0.5,unverified,"['iran', 'war', 'israel']",2026-03-27 09:12:32 UTC
2026-03-25 16:37:38+00:00,Google News,https://news.google.com/rss/articles/CBMiiwFBVV95cUxNU3pOVHdTbl9ldzItdzNuaUpaM1RmWUR4WnJZTnhkaHJNLVA5cmxleXhwUXRpT0FMSTFrRTB3YjZQNzMyZ2VJbzJ6TVFSMnIyWkZjcVo3MW1WcnczeUNKckhjTmh6XzREQTlKa1BkWHpMSEVJTHZLaE9KUTFCVmQ0Ykx6OWxwVjBoS1pr0gGQAUFVX3lxTE4yVEhpclM3UG91bXdQd0ozaDdnNlVXYmRyWGZkcGZkV1dhVjlwSnRteWtlZWM4eXY5ZzRmbGhMU2kxTnp5U2V5U3pUU1g4aF92VlpVbWE3Zll2ZTVlTmQ0eUhlQWJSSktGM0Z0ZFJEQURyRlhVQm9HRndTUlM3clczVHhoS2V3RnhXR3g3QTFaMw?oc=5,news,What it would take to end the Iran war - Al Jazeera,Iran,Iran,Iran,,other,other,3,0.5,unverified,"['iran', 'war']",2026-03-27 09:12:32 UTC
2026-03-25 18:07:44+00:00,Google News,https://news.google.com/rss/articles/CBMikwFBVV95cUxPbnpUM3cxdi1NOFJTc2F6b2tXNXRwU0RtVjZzbmQ2QTYxeUVKVXlrQ1NmcjNpU1BuUExrMXlyNzFBbXhITVBUU0VWV1NqSlNaS2tLYkxmZTc4dmJpTGZIV193RnZFNDhCWEhLYjNGeFcwRkRiaFdjcGZ3eTZrR0pScHQxY0pqeFcwbEhRMVpKSE1laVHSAZgBQVVfeXFMTWRFZE1pbVVzeU1ZUzNkQjdXRGt2aEtuSDVtUlJ0RFBMOFh3OEI0TkZoLWRDcW5kRC1IUXFqcjctaEs2WFkyVGtoZF85bjFXdk9icEJnanR0eVdwYnlSYWhDa25Oby1pTkN0NEhUQkZzbHhUT0VIZl9BWTMxbGhTR3hNd2VhTEJza3ZPakN6RUxWbS1wbDZxZEk?oc=5,news,What we know and don't know about Iran war negotiations - PBS,Iran,Iran,Iran,,other,political,3,0.5,unverified,"['iran', 'war']",2026-03-27 09:12:32 UTC
2026-03-25 18:40:34+00:00,Google News,https://news.google.com/rss/articles/CBMi2wFBVV95cUxQYlN5dkJhd0tJSWpXTDRPOF8wdzcxTzR3UVpGZkJ5OVAxR05NQ05RdUV4ZzI0R2M2eGhiNTd5S3Joa1Z5QzdwN1dYRDZNZTZqTzBjemRCZFBjSXJDSWdFSlc4M0JXNXlYSkpuV0xjV3BKaWF1bWs3QkFIUE44Q3JET25COWtnRWJ2TXg1Wi1PTWltZWwzRUxpUVducUI5di1lbE9uZ1dweHlQRUc2enVaNGdOXy0wa3o5WGVwallDNmM5MVRFbDFxTk1hUW1UVGtnbTZKendLOTMwLTjSAeABQVVfeXFMTk54a1NlVmVOZXdjMFROY0VrSDdYMW5tVDhsTzYyTnQ4U0lhU2U2ZVYyZ1NERktCM2lLdXkwSy1SdEd0emtqS1BTbUtjaTltai1pZjJLRWNGdHNwU2k0WWY1TXoya3FxNjJtaEhQU29xX1hPSXllVzQ3bWFHazNrVWFZVHI3am41cC01S01SLUk1M2MyUDJwb2xmTTZaeW1QQXU2THhNUUJrNmJsaHNpcmI1dFdSSTFQaXNVbmd0YlB0SWZ0WlVBTHQzQ0s3N1JySWZyUm1ROXliWWRJRXI3V2U?oc=5,news,"Iran rejects US ceasefire plan; issues counterproposal, White House says Trump will ‘unleash hell’ - Telegraph India",Iran,Iran,Iran,USA,other,political,3,0.5,unverified,"['iran', 'ceasefire']",2026-03-27 09:12:32 UTC
2026-03-25 19:27:41+00:00,Google News,https://news.google.com/rss/articles/CBMioAFBVV95cUxOdUtCdTFreDRwM3dONWtPQmFoZF9UNEdUMHhJejF1eUcxZEhHVUQ4XzFJdVZ6OUdkckZ2eDNpODJRSHBYYmxpbC1CS2dSOXgxclR4REhmRWlITjFUS2VnVVE1RXRKa2xtODRTeTlhN2dyWXNMejNmYVE0ZlU4R1RmVjREZGZ3TnFxNXNIYV94Sk92VG44aDZvVnFnUW1iQkdo0gGmAUFVX3lxTE54eGZkajBCaklCOElMT1k5TkVMbXlCUWw2Y2pwbUFvYmlEUTZFb05rejhuRXREajA3UXVqYWRzTlZ0QjhObTlMdkZzMHJieGJnVlF2aUFjM0xUY0pHdEY4TnQ1SE44ZW5tc3R2TlJnc29CYjVwa0lDRk14T3dWY1lZd3YxZnlPeDBkOG5ETWNab194NFAtamJjWGloWjh1Wm8xR1RYUGc?oc=5,news,US-Israel war on Iran: What’s happening on day 26 of attacks? - Al Jazeera,Iran,Iran,Iran,Israel,other,military,8,0.5,unverified,"['iran', 'attack', 'war', 'israel']",2026-03-27 09:12:32 UTC
2026-03-25 20:33:53+00:00,Google News,https://news.google.com/rss/articles/CBMinwFBVV95cUxOWkZGRWkydHZmVHdwcUpGT0xUU3FxUjNiMDVxQjhTNkM3Z0xIdVNLeXduMzZudzFka0x2aTl3N3h6a2M5b3o1MjdKamoyNkEtc2wzWVI4dEZsc1p0ZnVtTVZ0TkhYQWcybVh4eWFlYmF6NHV0UmNHZlZvbmlqV0lkc3Q0bExmNVowaG9LVG0yUUt2Y3FJcC1zb0pkWFZSOUXSAaQBQVVfeXFMT3Z6aXBmNmJrc1NDb2ZIcmo1cnhRczY2a2dtQ3ZrVlFPNWVnWjNpY29hS01KU21jMFdDRUJJNlNfczFST29OOXZTR3piNjVIWjdNT3Y2QUlyemVneTF5aFRoclpZZHZya0RBNzRIeVIxcHlSTXJ6LVU4c1E4TzZyQW82VG1YQTR1REdUTjJBZzZFb1R4azlLSl9WdkVQUFJyTmsyT3A?oc=5,news,"Iran calls US proposal to end war ‘maximalist, unreasonable’ - Al Jazeera",Iran,Iran,Iran,USA,other,other,3,0.5,unverified,"['iran', 'war']",2026-03-27 09:12:32 UTC
2026-03-25 22:34:46+00:00,Google News,https://news.google.com/rss/articles/CBMiygJBVV95cUxPNGpYcDdiajd2SEhXX0R3Uks5bWpCUHhPaldwbUNraE54OWtxMnZhc05aeWFCMW9JUjhOVHRtTmVNN2JHWk5FYVVUY1QwcDJxWk81ZktoSEJqdkJqdVZOTkpJbEU4NkZUTjlQUktNZXNYcnh5STI1Qnl0UE5xVDN5WmFYRmhyeC11X19ralVnYXZoekNLVHM2S09QcVV0dzhZZm9CUDB1azJJa0JFclp6anhrMGlaM3BNN0JhV1psUTdvd3FCWWZjWFhiMm1XS2F3XzBHQWpRT2xNeGhCVUNnTFJoOEFOVzEyNUVRYTRFbTJFeU9NWXM1c3dRY2g4M3NtUHJLQ0hCNGY3UW16Y0l3UXFZMExsZGRlOURXVmNoYXJ5TWMxSW1zWUdGcVJneXZlcDE5NkJKZjhSNElNN05PZ3RLU0JueWZud2c?oc=5,news,"US-Iran-Israel War: Iran Demands Lebanon Be Included in Any Ceasefire Deal, Linking to Hezbollah; Israel Says It Does Not Negotiate With 'Iranian Terror Regime' — Fronts Remain Unconnected - The Sunday Guardian",Iran,Iran,Iran,Israel,other,political,3,0.5,unverified,"['ceasefire', 'hezbollah', 'lebanon', 'israel', 'iran', 'war']",2026-03-27 09:12:32 UTC
2026-03-26 00:00:00+00:00,ISW,https://understandingwar.org/research/middle-east/iran-update-special-report-march-26-2026/,osint,"Iran Update Special Report, March 26, 2026",Iran,Iran,Iran,,other,other,3,0.8,verified,['iran'],2026-03-27 09:12:32 UTC
2026-03-26 02:05:19+00:00,Google News,https://news.google.com/rss/articles/CBMisAFBVV95cUxPM3QxSlh4YzhrUURzcEtEZTRjRjBkV3dsOWh2cUJxekJUSjZua2xFSnZ2UUdFS2prazgxWU9LTGpwa1ZPNjJBQ0dkTWJ0aXZPVXpCa1FzeDJTN3dWN3hGZWF2bUc2Qi1CX1pNUlRicjdDc2lnM0tsd01XZlhTd0lyaVFnVUQ3d2lWNWtNY2stcVVPZi16Q0UzekRFekUxc1ZTWGp4V1lvVkF5dEhNS3pLUNIBtwFBVV95cUxQcGw4R2RaMFktWWpzQzJXcVRrOThOaVU1c2dvUHMxdkp5WVZVSXhxeUFobndvWm5tZF9nYzFUQml6aUVSeGdFdmM1eWV1Sm9hZ2RDb0xaZHpzTEFyZUdSVVIxbzlhX29lOWVxNU0wZnBSMGdGWXFMTkc1eXhIQ2ZpdnBFS0ZvcjRIOER6Y2d3cjVVeE5nVWl4eDMtUno1SEdncUZfRE1vYWhGZnFkWnh2YzdKaTNidzA?oc=5,news,Iran Israel US war: Donald Trump says Iran ‘afraid’ to admit it wants a deal - The Hindu,Iran,Iran,Iran,Israel,other,military,3,0.5,unverified,"['iran', 'war', 'israel']",2026-03-27 09:12:32 UTC
2026-03-26 04:27:04+00:00,Google News,https://news.google.com/rss/articles/CBMiowFBVV95cUxQX282N3ZvRGxjbkJiNjQyakc2SDZDWFJsSEhJeGZtTHdVUDF0cDJ3dFExcUtSUHJldG1wOVhqUUxhVG5UTk9OWmJYaGRSNkQyUzktY29GN0FkT0RtMDloUXBTVXJFVGNjaTN1N2twLW9WSC05UDFlSHF3NE82MVFNTkJLU0xMb2laRHlZWmVucGJKdl9hVThrRmU5c0hNTDBrN21V?oc=5,news,What we know on Day 27 of the US and Israel’s war with Iran: Trump frustrated with Tehran and IRGC navy chief dead - CNN,Iran,Tehran,Iran,Israel,other,humanitarian,8,0.5,unverified,"['iran', 'war', 'tehran', 'israel']",2026-03-27 09:12:32 UTC
2026-03-26 06:27:17+00:00,Google News,https://news.google.com/rss/articles/CBMiuwFBVV95cUxQNUxSeXJnMlVSNGlBbUhTazQ0anpTQjJldWdhUnEtRnc5VVBfOTFDVWV5eFY3bkpUc3JKRFRuX0xxekFJYXNiX1pJelZWVGR5OGI3amlzbFFqNnhDMDZPb0MyWWVvbkp1Qkh4Z2lDSXdrVUZvd0RBOWVHX3d3OGZCbWEtMDhYQW5ULUxid0NmTi1laWJKLTZMVjQycDVsZzRaLTRNYlg3MTRDRWJRbE5hWVN1M1lva3FVVy04?oc=5,news,"Opinion | Talking 'Peace', Moving Troops: What Does Trump Really Want From Iran? - NDTV",Iran,Iran,Iran,,troop_movement,other,3,0.5,unverified,['iran'],2026-03-27 09:12:32 UTC
2026-03-26 06:41:00+00:00,Google News,https://news.google.com/rss/articles/CBMi3gFBVV95cUxOemNzZzFnNXotNzE0OW5URVB4WEFoYXU3MDMxMll6b0E4dzhrYzNaLUxURmt6XzJoS3RKTmRIMTFOZjh1aGJhN1h3S3RILWEwb2dPVjNJdTZDNy1KbWJFWjE3RjJvSlZnTXBRcm0yVmNMSjJ2X0lSUHJva3pmYVpwS1VhRDlveDNLbVRXaHEtQjlUMS1UYkVaZV9SblNsNTlGUklydlJNdnVOcndxdFJBY1NlMzdOUGhoZ09NMEp4OXdPSUhWT1hfNGR0SDZUNVFYS1JFUHI5UFM0RVZWQ3c?oc=5,news,"Thursday briefing: Why ​most Israelis ​back the ​conflict​ with Iran, even as international support wanes - The Guardian",Iran,Iran,Iran,Israel,other,other,3,0.5,unverified,"['iran', 'conflict', 'israel']",2026-03-27 09:12:32 UTC
2026-03-26 07:50:09+00:00,Google News,https://news.google.com/rss/articles/CBMisgFBVV95cUxNVkhNOWhoX09QdV9XblI4NEJGTUZQZkNrdWI3NE52Y2Z0QUh6bjJxMVU1UElsWTFhVEdrMnE1Tnd1OEQzQjNEcUJYWm44X3BuOEdpYm80dHhhNXg0Tnk5NktQRzF0UUJFQ3RsZHAxbkFBZ3pHaWp0NUNwUVZKektsU1hHUmV2LW5TQXkzdXB5bTRNU1dvUDI2dUlBSkxqUE40OWtuN1dqNTRIRG1iM1FBbi1B0gG3AUFVX3lxTE9kbHk5QzBCVWhqWkxKaV9yNU5hRC1nZ29yVWJHd2E4ZklWWXlBMENYc3pibWpKM0RpbTBVSElEa1Q3R0NLdXRTZkdMVy0yZXhtb3gtU3pnN2JxcW90Nk83c2hFTnZxQXJPU0Q4RjZocEtNUDZWZzFUN2ZWZjBtTFZZamwtcXpsaVN1bE92WEFRN3o2SGNLYjl5MDQ2RWh5NWlXeE5TYndjalFpNDRkVmNOT0pycU0tdw?oc=5,news,"Two teenagers killed in Shiraz, two dead in Abu Dhabi as Iran war expands - Al Jazeera",Iran,Shiraz,Iran,,other,humanitarian,8,0.5,unverified,"['iran', 'war']",2026-03-27 09:12:32 UTC
2026-03-26 08:04:49+00:00,Google News,https://news.google.com/rss/articles/CBMi9wFBVV95cUxNQWNQZG5WbUo0bE94dGduUWwybXduR3BxTGNMWTl3T2JlNGs1RFdOS3RWdV8wTVhybnY3a1poM0s3aVdJVzZrRUwtN0IzSHhtaEJrT3NoYlFHQzZVekR6SmRqdW85bDhDWHpRWmdWajFkallLVk93b1BwU2J5QlVBQkIyYldyYXVIaDRlUS1vQlBRYkdpR05TbWF4NnJ0VWdqQ1ZBV2VFWEdHS0tTR3NLUUF6eThKQjBkaEhhQUlhUG8ySk8zVG9tZkc2QV9Mc25EMkd3TC12VHNOYk16V0o2X293Y3VGRm5fSGdjaVdHQ3VfQWhkcXJF?oc=5,news,Trump's Iran Ceasefire Gamble Ignites Netanyahu's Strike Fury - NDTV,Iran,Iran,Iran,,airstrike,military,8,0.5,unverified,"['iran', 'strike', 'ceasefire']",2026-03-27 09:12:32 UTC
2026-03-26 08:38:13+00:00,Google News,https://news.google.com/rss/articles/CBMimAFBVV95cUxQd2NKRGhWc2w1UE01UW1RS2x6RFN3UGg2MTFQZ3ZZMXVjaWozZzlsbEVWN0ZzUjdEOE5PaHd0dEJOQXoycFFKLTV6Q3hKOXRrVVdMY1FzSnRFblVwZ1k2M21KV0hEWk9Pa3lKbHQyUVFoZDVsN0tCTkhuLWdYR2psR3cwTGg1RnVFeGhROGU1Qlo3bGFXMWVPMdIBngFBVV95cUxQcWIycTFoME93UEJOYUNHZ0ZwbU5oLWZsWlpaYnFHVW1hT2YxaGcwd3hiN25IS0hKdnhtRElKUmY3RmZkR1FiRVR3NGp0ekcyVWZHT2JlWDFqVFl6WUItNzFJel81aVA4NEZhWU1fcjRfV0YzdG92d3dvXy1Tdy1Fb0xpblB6NmVwS1FONGVYNGVrSmNJejVpdUkzSjg5dw?oc=5,news,German minister calls Iran war an ‘economic catastrophe’ - Al Jazeera,Iran,Iran,Iran,,other,other,3,0.5,unverified,"['iran', 'war']",2026-03-27 09:12:32 UTC
2026-03-26 08:49:13+00:00,Google News,https://news.google.com/rss/articles/CBMi1AFBVV95cUxPaFItNkJfdUp1M2FMeExrb05aUklCZzF1RTQtWUVUS0xqWWhpZ05NSXJsZFRkY2c5dFV5ODg5em4zVldVOTJHU0NsMkhyVWlOVnoyV0NYTENFUlo5VERZN2pxbUxzT1ZVZzh4THFhd0xqcnZHYktaaGV4TGdlT1ZxOGQ1X0lvMHVHaVIyXzBnbDd5Y3lXYXNJNHIwMGFsV2ZDV1hXdWpPRWp6b3k4NzRITldkb1NkeU1MNDkwZ0diMTBsNkFwM2RGSm9tc3ZFaHUzUzJ0etIB2wFBVV95cUxOb1F6NTZIQlpHOFRVd2RVcUswR2VpZllWMEF5TFIzQ0dRMWZEdWxwd3ZQanpOdTN4bmVLQ2FuX3FwZ0VqcURlTGx5QlJhZTZ1Vm0yVzZaS0E4UThrQUpjak5jM2VZZVdpVEFkbTRoSVh4Rzcydlc1dk9ETVN5N1NTZmR6ZlI1MlMtLUc3RFlTMDBNWkwyc1dvYlVPZlF5TVpRSDIyRVhCQ2s3MnlUYVlZcnpJUU9ydk9rVzJmTUM2d2FiXzFWZVhPd0xtVzF5aE43dXdJci0xWW94Qkk?oc=5,news,"Israel took Iran's Araghchi, Qalibaf off hit list on Pakistan request: report - The Hindu",Iran,Iran,Iran,Israel,other,other,3,0.4,unverified,"['iran', 'israel']",2026-03-27 09:12:32 UTC
2026-03-26 08:56:36+00:00,Google News,https://news.google.com/rss/articles/CBMirwFBVV95cUxNNklCS0tRenBIa0xPMzlXd1VzMU5kRUcxTjFUWmc2T2NwVTlGa3I3b3d4Q2pkNlZ5eDhLdnVmM3Y5b29EajY4Y1ptd0QtbjlrbWV0UWVyakxrSzR2VkJJeG96b250aHVIT1RGb1k0T3BJWVJKR0VBWHZINGRaSVZVUkU4QmpKcUsxNDBNcFlLd1poUXlqcFZ4aDFvRkFhdG0wOW9ObWxFOFhhNlFHYktR0gG0AUFVX3lxTE4wX2RTUUxEVFltRnFCUHd3OFFLWk92SmhSdEk1VndqNmZXb09BWm9lX19LcWpvMTlPUHhkcDVoT1pIbHd5SjVpNXpUdVdESVRlWXNHMGVkaF83ODU5WlJWczA1ejZwTkVjYjJDdkUtNHdwdzJfdWtIZlFZelRyT3ZsYzNab0htOU1RVGpjbUNkRHlCVzJ1THRRZ05ja2tqOU1jVWRWYnktQ2xJS2pUenQyTnhqZg?oc=5,news,Helium hitch: Why US-Israel war on Iran could cause MRI scan delays - Al Jazeera,Iran,Iran,Iran,Israel,other,other,3,0.5,unverified,"['iran', 'war', 'israel']",2026-03-27 09:12:32 UTC
2026-03-26 09:34:28+00:00,Google News,https://news.google.com/rss/articles/CBMiqAFBVV95cUxQSXJYQzVrZnZwV2NWVjRnYXFFenBKRWxsa0dHMUVCYWx1RTB0NHdUOWhGLXJuMXRJUG5yOG1naGxwLVpIZWE0Y295YV9QeEVIZzVCc05ldFM4dGNuZW53VW9BOEpwVF90TXpGVE93Sm1wbnptMzBNMjRkTHY3ckpSYUZlZ29jb1lRbUxoek12aWNmWDExeHpjM05QMzFucWh0MW5nZTBhTUPSAa4BQVVfeXFMTW1uOWQ0M0RzVjljQkVYVm5wbE9SSmc5U1BONVRmZ05icnZ4Z3FmTkFBdzlXM3VJdHIyV1UxNjdXRmMwelJISXdrM0Y4TzVJa3VYRXVTRDEzcnJyTjdSTGpGNnpUTWNlT2VhdmREekQ4UDh0YmIxYl9vNnN2ZFlkZjVBVTNRQ2p3YlB6TzZHTlB0Sm9JeUpBVEhFbTF3SUlmYjBrUVVyS2dvMnRmY2F3?oc=5,news,Gulf states say they're ready for 'self defense' as stance shifts on Iran war - CNBC,Iran,Iran,Iran,,other,other,3,0.5,unverified,"['iran', 'war']",2026-03-27 09:12:32 UTC
2026-03-26 09:44:35+00:00,Google News,https://news.google.com/rss/articles/CBMiekFVX3lxTE9BaC1fRVpXNVlZR0preVQxNHVyOTdqWmxhaTBnQ1duTzBDUnpZeVJHRjJ0X0tSUnhXeEtBRFVrUzdEWXJwVGRwUXpiRU05Y0JEcVB6NDRfbUVweWZ4bm5aenhWSUtSQnFYODdmUGFBNnlxQXA5SE9HbDFB?oc=5,news,Trump grants Iran another extension on a deadline to reopen the Strait of Hormuz - NPR,Iran,Iran,Iran,,other,humanitarian,8,0.5,unverified,['iran'],2026-03-27 09:12:32 UTC
2026-03-26 09:51:54+00:00,Google News,https://news.google.com/rss/articles/CBMitgFBVV95cUxPcHEwM3FBc3hVeEhSMlN6TUQ5VlJDZm5fckV5MGNVdEwwRGNNbEFUV3hVRjB1dXIxejNQamlmanRJNzBzWjZjQ0lMXzVHNlRXb1VKLWE5ZHpLSnA0Z05FQUxuTE1aQTVMcTNkNENhMW55S01oeWtScVJpSFh1NEd2dzlKZjlBQV80dEFyRkRCS2lPaXN6R2lJMGwwalNzQzhuejNiWU5CUDBNSm5oeXg3SFhObmJVZ9IBuwFBVV95cUxPTUEtOXEzS3hZR1U4aHRpQmxqSDhqZHFSckJ5em5qM0JyNDZaVVpwdXF6TmtUd3NJUG1lU051OFVGdGJjaF9FcmNOYWI0dDZhRkhXU0NWOGpnYkc5Vng4cEZiQnZiS3lXM0QwcXYzUU9DZ2otQzJkSi0yZTF5QzFFWVNPYUVZTEpvcTRCOEx6YW5xSWZveW5teWVndUt4dHVrVFlEcG5jZ1VkTHZmeEp1TDY3T0hhYWYteVVn?oc=5,news,"Amid US-Israel war, Iran football team trains in Turkiye before World Cup - Al Jazeera",Iran,Iran,Iran,Israel,other,other,3,0.5,unverified,"['iran', 'war', 'israel']",2026-03-27 09:12:32 UTC
2026-03-26 10:35:19+00:00,Google News,https://news.google.com/rss/articles/CBMiWkFVX3lxTFA2M0RrX1dINHVwVkN3c210czBRRUpoWmpjRHhDbHY4UXY1eUpHenlhNUUwOWZFbEVINWducHl6c2lQRlJfS0JjenEyYXRoM3ljcWZmUzZHYTZpdw?oc=5,news,Are US-Iran peace talks really taking place? - BBC,Iran,Iran,Iran,USA,other,political,3,0.5,unverified,"['iran', 'talks']",2026-03-27 09:12:32 UTC
2026-03-26 10:36:58+00:00,Google News,https://news.google.com/rss/articles/CBMitAFBVV95cUxOZ0F2WVFLN2k3YWUxOTlyOHA1ZXVmM2tBTDk3R0RwZ2N0RmpoTEtDSW1MQkQxc3IwM2hIWjBJX2hfUTUwSWZqQ0o2S1NfRzZMX1RhNEZhU2F0aFFBUWc2ZWtfY3d5bW1tUVhUV01QQ0xneVVac1Y0SVdlU1NScjQyRUpuVlRwWVZ3cWZqbExCQ19ybVlQMThYeXB3YlZOTGVpMVJhTlVNN0NoY2liWGI5a1pSZUU?oc=5,news,"Opinion | Not China, Not Russia: Why Is Pak Suddenly Everywhere In US-Iran 'Talks'? - NDTV",Iran,Iran,Iran,USA,other,political,3,0.5,unverified,"['iran', 'talks']",2026-03-27 09:12:32 UTC
2026-03-26 11:47:45+00:00,Google News,https://news.google.com/rss/articles/CBMipwFBVV95cUxONVFSbnFoNVYxcFY4RzBpMEVrbDFTMWVxMElDTjFOS08tUmlzd003eG9XUmF3YlRldTBSX09WLXNUaVFzNUVBUm1TNVAzWjRHbUh5NzN4anpId2lpMUpENkpzbGhBSFhETXRmaUtrRE1jR1V2Z2pDdDZyUEtUcGYyc0FyWTZvbTI0bnNaTGtiakt6LVRNWUdKWENnMXEwWXB3OERaUEFXSdIBrAFBVV95cUxPQUZWMmh1OXJzX0FYeXdpRnNmMjd1dkgzSXU0WXRLYWtzZmhEUThSN2ZZU0tRQmRxNk80ZWlOOWgyeVZyZ01MaFJ4R000b1d1ZlE1NVBGMHZSWnlYYzMwUDFVVWhyclkyLXpvVlhXeThOUWpHb0EtMGxpY3I4X09fcWJxMzhXY05mXzlsOHRjWWU2RjF2bWdkMl9GMGk3UG9PSVVaanZsNktEUFRO?oc=5,news,Iran to Lebanon: Four million people displaced by US-Israeli war - Al Jazeera,Iran,Iran,Iran,Israel,other,other,3,0.5,unverified,"['iran', 'war', 'lebanon', 'israel']",2026-03-27 09:12:32 UTC
2026-03-26 12:22:03+00:00,Google News,https://news.google.com/rss/articles/CBMikwFBVV95cUxQcFJjbEFpRWVRRWVFclNxVmZCTXlWcmN2QlpNSkNzX1ZIWFJrMWU2NHFNczJtdHZmUTExX3hfWWFUOUNrMGpDc3hwTWZDeG5WYlhfODFDVGFBUE8wZXlkS1cyYVZHRjd6QThwb2Y2MlFlRjI3ckN2N2V1YW0xOW1fX29fR2tKWnhVRko1S2hzdU1SUFE?oc=5,news,US-Israel war with Iran: How much does it really cost? - dw.com,Iran,Iran,Iran,Israel,other,other,3,0.5,unverified,"['iran', 'war', 'israel']",2026-03-27 09:12:32 UTC
2026-03-26 12:32:29+00:00,Google News,https://news.google.com/rss/articles/CBMirAFBVV95cUxOU3I2dVlNaXRQOHNrWmVDVGgwMF9BXzJ0ZjZFOC1iUmQwX29uYVJWZ004MUlGQ2dsYjMwbVM0WHFfVGJEQm45OW9EN2hzV2xOdG5oOHk1Ry1tSXdvMWN1eWEyaWNSdmtCZ2dwX25ldWw5VndMSFFmTWFaS3BqOHZEdXJBMHE0RS0yVnBhYXBaLTl5OWVMSVI2NmJ5aVI3TDRBVVhEQ2FJcmVQLWZx?oc=5,news,How Pakistan is Redefining Middle Power Agency in the US-Israel War on Iran - The Diplomat – Asia-Pacific Current Affairs Magazine,Iran,Iran,Iran,Israel,other,other,3,0.5,unverified,"['iran', 'war', 'israel']",2026-03-27 09:12:32 UTC
2026-03-26 12:56:00+00:00,Google News,https://news.google.com/rss/articles/CBMirwFBVV95cUxQX3hiTTlzZkZhMXRNcUNKS1pPT0V1ZmlJdHB5aDNsUTJreHV4TGhDNTZlYkkyYjJmTkh2bXU5dTF6eXpUTW96eTNYMEtWb1dhbFpVc0c2RjFDMWV3X1JxSUJLYk1FNkhDVm0zU3lzN1Q1WHVzMWtPT3lrRmhCN3ZFWEZXdkVqNmhaMHRNMnREdGVUTG1IUU9UMHFiTFpRcklXcE1oTnBhUnRoWGtJYUVB0gG0AUFVX3lxTE81Skc3UXBYaGRGa1dKaDJ1UlhjVU10TF9JUGNBWEpyZjdLc04ybGJnRjVsbXEzdjlhX0hjSm5zTHoydDBnVmw2V3czZ0ZPYzVPQnVIOGxkWXozb3M3dm9mTGlsbi14VDFVclAxdHQ5RThDZ2hCblhaUlN4Nkt4MEV6a0tPWmNfSHdDV3Z0TF9PeWljdURKRWJwRU1pU2FhZFo2NUljdm5Tb0Fxc1EwRmZocllEVQ?oc=5,news,"Saudi Arabia stoic amid Iran war, but attacks on Red Sea ports could change that - The Times of Israel",Iran,Iran,Iran,Israel,other,military,8,0.5,unverified,"['iran', 'attack', 'war', 'israel']",2026-03-27 09:12:32 UTC
2026-03-26 13:14:19+00:00,Google News,https://news.google.com/rss/articles/CBMikgFBVV95cUxNTWRfc2FQZ2NueGJaemlUMmZLblhHUGJ6aGVocVBQQ01fa0Z1b1F4cFItWHlONzhGQ2lTNEN1bnRKYnFHbmZqdE9wWTdPWU9zcXluQUNWazJMWnYyMjhweGdaNE9vRUp5QzZNc252c2FpN3VSSDBjemo5NVJrb3RxR0NyLVdZV3FhYU84NnBjcldYZ9IBlwFBVV95cUxNRk9fRkFybGdrb0dTMXRwTW1wVFozdEx4R0hHZG1kcEhNSTZmOFBKQUxBRjRlSXZuZVd0dU9xTks0QXpQclMwTjNBelVYWjRaQmRjQV90MlpGaDhGS0d6ZDlYQ0FyNHBxbGdBQl9pcV9jSG92QklnUHVHSDljcmE1cGlDbHozeU5NRGRnQXFzazBvU2RFSHlB?oc=5,news,Damage in Israel from Iranian attacks - Al Jazeera,Iran,Iran,Iran,Israel,other,military,8,0.5,unverified,"['iran', 'attack', 'israel']",2026-03-27 09:12:32 UTC
2026-03-26 13:35:38+00:00,Google News,https://news.google.com/rss/articles/CBMisgFBVV95cUxOc2lWU1ZGY1ZwNF9pRHY3VHFmVjF5aHNjVk1iSS03QmtiendST1RhVzRSYVluUml6blR0WVV2VC1zNFphVXAxT20tUXBUOUV3Zk9oa2RTSC11NnAxS0RGcXJvRTBhRk5Qelh1N3ppdWl5dGVuclNmdUhBTUM2X0lZUG1QVGpiYmZuRFNnOERtNDM4eUJIb0w2Qy1iUXBuWG1yb2FBV1Y4SGhLcWtjMVZlV013?oc=5,news,The Iran–Israel Equation: Strategic Depth versus Technological Superiority - orfonline.org,Iran,Iran,Iran,Israel,other,other,3,0.5,unverified,"['iran', 'israel']",2026-03-27 09:12:32 UTC
2026-03-26 15:04:00+00:00,Google News,https://news.google.com/rss/articles/CBMi5wFBVV95cUxPNDl4SjhRdFZxTWZodlBpc2hvMTUzeEsya3NvR2dyZDR4OE9wSl9uM2VkTEgydXdJcjZrUExrX3RCMHgzUEszc3V0bTQ2Wm5ZSmgzREtOODU3NmZBLUhMWWJja3VKOTZkZlpnTjM4aC1KLTctOVVvS1hCWXpycVBCSnA3el9SWGhrd2dTS0VndUR6aFdCdFNHd1dPeXY4aGxSbkFwbVVZdDYyS3JaV29LUDhjMTUtY0FQMDJNQjRGaURFaWp1N2xmdUlETExyRXlpdjg4MVN0aEtPOTdNLS1TT2hKZW4xdlE?oc=5,news,"What will end the Iran war? US demands, Iran red lines and Israel’s stance — breaking down what each side wants - WION",Iran,Iran,Iran,Israel,other,other,3,0.5,unverified,"['iran', 'war', 'israel']",2026-03-27 09:12:32 UTC
2026-03-26 15:26:36+00:00,Google News,https://news.google.com/rss/articles/CBMiWkFVX3lxTE5SejZ4SHhpdnYzUC1aQ3BVZ2VKWHhOWU9YY1JoV21hYlNIc3dLcFh3MDVZM0xZaXZDWVZUOU1ZSkxhaWpUVmRkT3E0aDZ6MUk0UE5kYXFYZ1E1QQ?oc=5,news,Israel says it has killed Iran's navy chief overseeing Strait of Hormuz blockade - BBC,Iran,Iran,Iran,Israel,other,humanitarian,8,0.5,unverified,"['iran', 'israel']",2026-03-27 09:12:32 UTC
2026-03-26 16:00:43+00:00,Google News,https://news.google.com/rss/articles/CBMirAFBVV95cUxNVjVaRTk4cHVrdjMwRUN2eXk4SnZTOTJyRno5eGg1U1VWT29ZY2ZHRXo2Zk5scXE1WFk4ZVhpTXVXU3VkSWpLd2VxdHVYaDkyeFhycWxYVnh2R05zcFBteEJMdklXOTZtMzBwYk1PaHhXWi1wb0h1UFV2VzBGa1JfUG9wSWRyWjdqa1ZUN2NjVHc1dGhuaE5jbHhEaVE3a0dfVEVtWlhkNEpRQ2dQ0gGyAUFVX3lxTE8yMDlrU1NhNW1SalhrblNhakhGeUhydXk1M0tNcUN5ZHVLUUg3VWFvX2ZLeERacEZJVU9FOTVEeWVHRXljOERpRFpreDJEVjhKTUtwOFUzNkRscmc4UFEzTDBOdUt2UEg5NkNGcG5TWmxuMDlJLVV0TFVnajZsWWx6c0JVeklPWlRtSDMyTEFzUlBoMzFueTVTSkMzZWpxbHRFQTZtaWxXSU5QaUJ3dmg4MGc?oc=5,news,Tehran’s ‘toll booth’: How Iran picks who to let through Strait of Hormuz - Al Jazeera,Iran,Tehran,Iran,,other,other,3,0.5,unverified,"['iran', 'tehran']",2026-03-27 09:12:32 UTC
2026-03-26 16:04:15+00:00,Google News,https://news.google.com/rss/articles/CBMitwFBVV95cUxPaXpfUEs1OV9JcVFSemYzS2xtbXVfNnVlaU1CVGQtTkpscjAwVHV5RlZYa2FYN1hZbmpBVkNscTN5QUdteGRJa0g4ZUEtblFGQjNLa0xwSk5fcWk2RHc2T2VsVDJRQmpKQ2tTeS11SmhmM2hOY3BWUG8zZFcwMkpJOFJXdFUtaUtxY0hWTktPTno2WVoxQXhsY2Y3OXN5OTQzQ2taUnV0TVhmTmNJTkg2SHpmTWZKWU0?oc=5,news,Negotiation or Escalation? The Quest for a Way Out of the War on Iran - ISPI,Iran,Iran,Iran,,other,political,3,0.5,unverified,"['iran', 'war']",2026-03-27 09:12:32 UTC
2026-03-26 16:18:23+00:00,Google News,https://news.google.com/rss/articles/CBMilgFBVV95cUxQMmNyWXJJenVYUVhSWmxwWVhITU5hblNabEo4RUhKQVJWWUVSOEZZeFczc0N3MllnVFlWTFg1VjdYYnhBQmJHc0NVQTVoaXd3SU1iNlRfWV9zMHdFb09MZWoxbFdGeFh6Yy1GQzA4YV9fNS01NEdmTTNFY1VCRjdjR2NnSzY1di1EcV9VZ1NYYy0tbEI4cGfSAZsBQVVfeXFMTzhhT3ZoYVY1cFBZWHhGcFZRSnExWFlvOE8tTlE4R2U4NVZoaVdmM0sxVWpuZ0NOUENvUy1Ta0pzZWo2QTlwcXJ5c3pkUU5wdW9XUldFV1dNTHBjVGFsM1JQMEdSdU1Vd2I5djF2amc3UEdNVjVmZjFxS3NZaTY2Z0ZpUk82VnR6MURFcEl6eFhwVGlxU3dDUjNjU3c?oc=5,news,Trump says Iran ‘lousy fighters but great negotiators’ - Al Jazeera,Iran,Iran,Iran,USA,other,other,3,0.5,unverified,['iran'],2026-03-27 09:12:32 UTC
2026-03-26 16:26:00+00:00,Google News,https://news.google.com/rss/articles/CBMilgFBVV95cUxOdEtLZjhTcW5lLVNoUDhKNG9hWW0tVWlXN1BGQTRGSDdPeWhxTjF0alRveVNUenJtZk5Qd2FPMldweXdKNU5WVVZnVVJNUWZSWHVPekRIczVzcVVHUDAtSGhqRk5HWWhnRW5pVWdJeFpFam1xS2c4SzFEUFNrc1BWdFBtNF9MZXZpRldJMDhOT2o2aEdUd0E?oc=5,news,"Flights, fertilizer, mortgage rates: how the Iran war is raising more than just US gas prices - The Guardian",Iran,Iran,Iran,USA,other,economic,3,0.5,unverified,"['iran', 'war']",2026-03-27 09:12:32 UTC
2026-03-26 16:26:52+00:00,Google News,https://news.google.com/rss/articles/CBMitAFBVV95cUxOOTNUN08wd2h5bGlGV0wwTGMtN0wzVWZqQUh6ZGFiQzZKNjlNbjFyRG5ZMHZZZE5IcmxOY2Z2VzRyZEx0QnMtSUhnTWhza1lMdUNuRjRLejNHSElZYjZRRlc2TjI0NnhJNHVTUkpjTjBBeUNoN3ZBQ2hSanFzRTlJeDlBU3FLWEduMThKSV90bUZ5QVEzTnplMDNpVDAtbzd2a3hrQ2xjRHVCaGphZTNnX0hmTTE?oc=5,news,Israel and Iran Keep Up Strikes With Talks to End War Uncertain - Bloomberg.com,Iran,Iran,Iran,Israel,airstrike,military,8,0.5,unverified,"['talks', 'israel', 'iran', 'war', 'strike']",2026-03-27 09:12:32 UTC
2026-03-26 17:08:00+00:00,Google News,https://news.google.com/rss/articles/CBMiqgFBVV95cUxOVVhOWjZQMWJOVjRTTWdNOUNHd3Q2X1NUck85TjJHMjZiSlctM2JwOWpTYjI5Smp0Z0UzV1VyRWNwdTJJdjZHRVIzODZIVHc4aWRUdmNsTmNBRDlxdmZ3NjdETDNSZGFmZWtCdkpJWU1zWnF2WHZBQzNzczlJMlo1T3ZCaWowV3pNWXZLMVd2VklUQ2ViaF9MREhMSDhjTXBRbFhrZ3Jrc3VTUQ?oc=5,news,Israel Races to Cripple Iran’s Arms Production Before War Ends - WSJ,Iran,Iran,Iran,Israel,other,other,3,0.5,unverified,"['iran', 'war', 'israel']",2026-03-27 09:12:32 UTC
2026-03-26 17:15:39+00:00,Google News,https://news.google.com/rss/articles/CBMijwFBVV95cUxPalo3V3dxaFVNMEFuX2o1NVVqRlZKTWY3SEVYV2FnUkpBMEhiM3lFdVM0S3lkR2tzbmNFMFpoRXNfVjc3SmxxWmNCcnBZcmlUZTBYb2JtOVFaZUctTDg5MHlZMU1MYWwwY0IxWE15OTdVYlNROVdZT2FjZmk3RHk5bEpvU1dxMTQxTmNtZGlvMNIBlAFBVV95cUxNM2VoOEl4SDh2UFZHQVowdzQ2MzYzeWpZUXNCYV9RamNrNnpSUm0ydXRkdFdnbkhsS0NQNWZhNFRPQ0FyUHhTTlV1a1o0aU1xZnN0Wmd6MFdLeDBneGtrS3Z4UjZJc1lveWFsNXVwUVhMRmt0RjRncW00cW1YNTFpczN4YmswUGRKeVlyWXdXS09qb1RX?oc=5,news,Uganda military chief suggests could join Israel in Iran war - The New Arab,Iran,Iran,Iran,Israel,other,other,5,0.5,unverified,"['iran', 'war', 'israel']",2026-03-27 09:12:32 UTC
2026-03-26 17:39:54+00:00,Google News,https://news.google.com/rss/articles/CBMirwFBVV95cUxQeXBxOXZTZ1JTMVZfb3I3dGE0eFllcnR0SUtmcmNvTVdiMlI0NjFKa3lFTEZ4Vjd5WDU3TmN5aEVVVnV3MkRabzA2U2N5bkM1MnhVR1NCcmxFS3JzbWpud3diNVExMmJTT1ZGLTZXbmNIUDIyZDd3a1ZwMUo2YlZtT1RkWkxQQlRWQkczY3otX05LN2dYZ1RyLURFVk14ZFVXQTBBbzhoY0dvOVF4cEp30gG0AUFVX3lxTE1mM3JjN2FQcXBhQUZPQktkQXpPR1R0dkZVRXFjc1Q2ZXg4UlBETElOeXY1VnI3d3F0cUZhREZmRU5wNUc3VzR0QjcxSGhlV1NUMXNaVnNIV0RMLTV3cHJnVnNHRGdqd2tTZTJDYmpiUkFEN3FrVlJ3N2dlS3RlZTh2cENaMElFOGJGZlhJZkpMX0dNWFk4QUtwcnVKZ0cwdHduOHQ2Q09wQmlEZDlhTG9CYmFYaw?oc=5,news,"Iranian naval commander Alireza Tangsiri killed in attack, Israel says - Al Jazeera",Iran,Iran,Iran,Israel,other,military,8,0.5,unverified,"['iran', 'attack', 'israel']",2026-03-27 09:12:32 UTC
2026-03-26 17:50:47+00:00,Google News,https://news.google.com/rss/articles/CBMiWkFVX3lxTE55MG5wdTJrMFlNLWRENFBMZEFMcW0yN0E5dE1lajB6eGRWU1JNN2Y0cXhkbGlGdEpTcG1naHdqN00yLThGV3Qzd2RmYWhBa0tfS1I5ejRobjVGZw?oc=5,news,Why did US and Israel attack Iran and how long could the war last? - BBC,Iran,Iran,Iran,Israel,other,military,8,0.5,unverified,"['iran', 'attack', 'war', 'israel']",2026-03-27 09:12:32 UTC
2026-03-26 18:00:04+00:00,Google News,https://news.google.com/rss/articles/CBMixAFBVV95cUxNYlNnVTlobVFYQ0treVFIX2xQUms1aFNPT3BGOE4xUnRTNndfNWE3OGtxVkFoNGROb1NkZFBiRnJzeGtHM0dXOTBKenV2LXRBME5CNlNpMGJtX1h1UmkyVDlRSGpmaUZfazAwZXlBd01qNURCb3VLV0FoWFA3SWw0a3RxTXdyRW9CT3U4Q2t3VGFiSVZHbHk1UjZ0NGNwdzBoLVZ1Yi1TLUlHeWFHczNvNHduMjVQQzBYY1pyOEI0N0NEYjBK0gHKAUFVX3lxTE9Md2piZTJ2djNQakdBUEdJUEhQVTRscWlWM09zQndlc0Mxc3NyRW81ZEtFMjJRUno1d0JsYk0zR1hkUG5paU1Mc05PYVB3QlFzcVZLOWlMaXltRmk2a2ktQXE2MlVNeVZMVHJkNnE4bjAydFhSLWNHdjA2bnp2SU9KOVE5OERXZ25jNEtwVTA2eU95V2lGaEFiZjlfRk1TbWJ4ZzBMRUNoZDFOcldDUEszLXRpbHd1NEdSeGdTMWNmNDRNNlRLNTRWTGc?oc=5,news,Iran and the U.S. harden their positions as Tehran tightens its grip on the Strait of Hormuz - PBS,Iran,Tehran,Iran,,other,other,3,0.5,unverified,"['iran', 'tehran']",2026-03-27 09:12:32 UTC
2026-03-26 19:24:31+00:00,Google News,https://news.google.com/rss/articles/CBMijAFBVV95cUxOQzFGbmZkU0ZWYUxzdzVubWFOSUJBb2RJMm94eGZSVnBJRUU3SDZwbXZiT3pCb3piZ25GdkZhSGR1aXlhYVk3eVd3em1LNHBDQmxCZHotbDV1ZzlSWEVkM3FfUDk4Tmh5NFgtUEEzOXFPRGtFSWFKc1pqMHhyVEZFUEk4bEc5SnB4TlZWTg?oc=5,news,"Trump reveals Iran's 'great gift', plus what else you should know this morning - Australian Broadcasting Corporation",Iran,Iran,Iran,USA,other,other,3,0.5,unverified,['iran'],2026-03-27 09:12:32 UTC
2026-03-26 19:37:01+00:00,Google News,https://news.google.com/rss/articles/CBMiuAFBVV95cUxNanNCQ01KLVBGSmNGTnBKcHhHdERIN0F6SXhXd2FGaXdJb3BfY1pSRmdOSXZCZGNCNUVHS0xPTzJTNGhGckNtcFY4NndPS21vMEVVVzRsdk84U1ZhemtBNmlNR0JiT0hReGNnTlp0alVYU2tTNnFsa3dGMjVnNzNzYjNpaEVIbnV5NDgyMXZMR1dTNmQ1M2dBQVBCdkcwZzJvSVlFckhzOUV3a0hjMWJHOE1KVms1V2JB0gG-AUFVX3lxTFBkTjZ6Ni1WNXA3MlRMVExkdmE5U2pBdVFydEdMYlNPVXJ1U3dwSDBJVWJFTmxXbUtzeTJTMUlXLVg3Z1YwSFhHSktSSF81SldXR1NHRVBpZ0lHVVFDV0NiOEFSQ0NaQ2YySnlPVXhNTTRzMFV5Mk9BaW1EY2VfdktMdHppbkF6Y2JEaFRYR0VFdldOc29FMmJHeEt5eDA1akx3Yk1UOEMtVVo4NGFlbTFQNG9iS195Q1JjbUhCOXc?oc=5,news,Middle East Turmoil: Rising Death Tolls in Iran-Israel Conflict - Devdiscourse,Iran,Iran,Iran,Israel,other,economic,3,0.5,unverified,"['iran', 'conflict', 'israel']",2026-03-27 09:12:32 UTC
2026-03-26 19:39:00+00:00,Google News,https://news.google.com/rss/articles/CBMiogFBVV95cUxNdDJKejgzenFYS0RCNFVpc0VhNmJPRHAtSnBHLUtWT2JGeTRiODYwNGsxVUFzcGp4SVRWMUJIUHpESEIyckJ4Z2JjdEFnN3lnUXBia21SM2gwNkM4M19za3NndnRxaEM4MThJYUMyQWRDOUNsRzZmVFo1WXVVanlVelVYbjRkM2wxYkpCc0J6QnF0U3hhZ3g4M2F0MW1tb1FHNWc?oc=5,news,Trump extends deadline for Iran to open strait of Hormuz by 10 days - The Guardian,Iran,Iran,Iran,,other,humanitarian,8,0.5,unverified,['iran'],2026-03-27 09:12:32 UTC
2026-03-26 20:03:25+00:00,Google News,https://news.google.com/rss/articles/CBMiuAJBVV95cUxQcnBxaFBfVXVfQTlyQktvTWVrSzN4WlFuWk9JQ19oZGdUVUpoQUtrWDdVYXhaOXEwQjNoU0N3bTMxQm5FbExxOXpjNUVNSTVKbDc3SktXZ1BsMWE4eGkyMU1Hdkw1WlRLU3BZa19iZ1F1MFVxZVJsbmZlV3RvTG1wWkR4b0p6UG1lSy1kY1pQVTVmOU5zMEFCV1FrdmVMem5jWkVrSWt4dWFFV2NZSGhjbVVEZjN5ZnE4Rng2NGtBYm1ieGdLYkd1dS1XZVladi0zU0J0a0hTbFZnWkJwSFpRbmliakR0Z1VZUDhFNER6djJxT0JobVJKRFZuWnlQeFR1U1g0MS1Nc1BCenJqd1JDR3pWU1pRZXNkSzFueEJoSEh3a0FtX0tLZmZvdEVxVGdZc2ltY3JMcno?oc=5,news,"Middle East Crisis: Lockdown in Iran-Israel? Airspace Closed, Strait of Hormuz Blocked, Travel Banned, Internet Blackout & Millions Trapped — Ground Reality on 'De Facto' Lockdown - The Sunday Guardian",Iran,Iran,Iran,Israel,other,other,3,0.5,unverified,"['iran', 'israel']",2026-03-27 09:12:32 UTC
2026-03-26 20:12:42+00:00,Google News,https://news.google.com/rss/articles/CBMiZEFVX3lxTE1ibnk5eWVNdnRpYkFyTDhzOURraF9CbVdGVnlZeFNidGJHNFdqSGtoZnltcXEzY0VWN2tZSUFSTVBxdjlxWVBBSUJtV2ZmLWJrNjdOQWxDMk03aFlOSXh5X0puSy0?oc=5,news,"Live blog - US-Israeli war on Iran (Feb 28, 2026) - TRT World",Iran,Iran,Iran,Israel,other,other,3,0.5,unverified,"['iran', 'war', 'israel']",2026-03-27 09:12:32 UTC
2026-03-26 21:01:00+00:00,Google News,https://news.google.com/rss/articles/CBMiiAFBVV95cUxOZ3ZpRGJTYUpvUmstUkVFV01RSUR5RVZrMk96a21oTHBKdHhxc0FXVkJ0dzg5c1JaOHMwQ3dkMWc3d1JCYUFDRW1xLTREczl2VXNZQnFKVUFTZ3RPc2ZubHdqeFRNWjJyZ2xhb0c4REFUWElicy10RUltdV93WE5rczVGaHlZNTlM?oc=5,news,US markets see biggest slump since start of US-Israel war on Iran | Stock markets - The Guardian,Iran,Iran,Iran,Israel,other,other,3,0.5,unverified,"['iran', 'war', 'israel']",2026-03-27 09:12:32 UTC
2026-03-26 21:14:37+00:00,Google News,https://news.google.com/rss/articles/CBMiUkFVX3lxTE9mNjlnVTBIdlJFYzViU1JIbkhzOTZCWlpCcVBXTDV5b1VhTV9KOVUwR0drakVwMk1ZUVFFUV9KSEdJbWhicjJPS3ctVUZOcG52Z1E?oc=5,news,Iran’s former diplomats warn of prolonged regional war - ایران اینترنشنال,Iran,Iran,Iran,,other,other,3,0.5,unverified,"['iran', 'war']",2026-03-27 09:12:32 UTC
2026-03-26 21:49:35+00:00,Google News,https://news.google.com/rss/articles/CBMioAFBVV95cUxPb0VmSGpzRDhTcG1XSUtta1lYRm9SNjJWQUVmclhlQ2otdFBDemJ3T0hoMENmUTZXLTdTUDVkZEtQNzhMSW1WSU4wbVNhTEtGcU1tMXZyUDFRbHdYa09NZkpNbF8wcTZBNW1SSzluSWRBZGNMWWw0WkI0SjZuTkh0bTNsX2twVnY2bUpUMkJRblZoT0VoUWlEUnZPMUphUHBs0gGmAUFVX3lxTE8zNnpyRTRKeGQ5MmNET0ZLYVNYQ3Fpek5NTmpvVmJqY290TjBHTXFPaEh5R01UcFNZSmhtUVBjcXVOUi10RkZyUVNySXRvTEwteFRKaFVlclZ1a3I4Z1pUUWlkWkFuWWFFdy1BbllkTGpTNmtSMWp0bVpKVElLYUxMNG9lX3IzVWdQeFY0YnFmTjhIYmJtekF0d0Z5RGs1MU1RVVZuLVE?oc=5,news,US-Israel war on Iran: What’s happening on day 27 of attacks? - Al Jazeera,Iran,Iran,Iran,Israel,other,military,8,0.5,unverified,"['iran', 'attack', 'war', 'israel']",2026-03-27 09:12:32 UTC
2026-03-26 22:04:02+00:00,Google News,https://news.google.com/rss/articles/CBMirAFBVV95cUxPQzJkY3o3bl8yU0t0WmtXZTczeWo2RTRab2VQUHNiNktseFFZOWFmMHctTXpOUWFvclVLTDJtaXYxZFRVMUZlV2FSQW9KQk5oMENvS2oxbzRmdVJVMHd3Ti11TUZyQjV5VWVGQkdfbnU4ZlRieENhSGR3SXZlNk53VC1Fak1PZEVzYlhqYUY4MTdRZDFhb3M0aHR3NHlSQ3VTOGdxUHBrZjVYNUE00gGyAUFVX3lxTFBGejJOeTVzSGE3NkpMZWh1UEhLV1pfdDVOLUwwM3FwTWprcnRFTFZvR2c2X3hQeFNTZklZd3BEaFB2REp5STMtZS1SczVsM2tsaXJ2TFpLTWxBazl3XzhlSVZyZzl4a1Fhbm9rdnExcFNZTmRNQXo4Qmw5R0FGZG5aS1FCckV4SlZ3N1k2TVNLRHhXT0VWUk9qbUFPWlduZmRSMXJmZThDc1RQcWVSZ3psVUE?oc=5,news,What are the red lines for Iran and the US in the war? - Al Jazeera,Iran,Iran,Iran,USA,other,other,3,0.5,unverified,"['iran', 'war']",2026-03-27 09:12:32 UTC
2026-03-26 22:23:54+00:00,Google News,https://news.google.com/rss/articles/CBMinwFBVV95cUxQMHVjRTZRZmE4S1d6dFhwejd1dzlBdTlYcUVqR2xWSjRBVThFbWpMNlJ3QkZibnFndjBiMXd4T0VWRFZTOVhWVXBCTnlLOWFENzhlS09oeERockp4QTJGWDdkd0pQY0wtLWNIcnVlQ00tMDI2UWg3Z3d6ZzRRN1prOFdMRnprUVNuNkhfTUpqRW5UbXhLczZZbDlfWlFxLWPSAaQBQVVfeXFMUHpWZU1NWF9tcWJzeDgyUzRfRHk5S1VNOE80UHB0azd4Z1lsUXVRRzhhaXNMUk5yQ3NlaDFsQ0dXaklaY01FdG5DM3V1TUl3eVZJS0RmQWZYbUxnRXNCanp4WGtDTDJ1Z09qcFVlTmYxNnFFSlZOMDFlOFk5TzU3bENaQldMTzhBSFprYS1aM3YwNHowb3BqM2ZaaUZBNzY1bUZiUm8?oc=5,news,Why Iraq is the most fragile front in the US-Israel war on Iran - Al Jazeera,Iran,Iran,Iran,Israel,other,other,3,0.5,unverified,"['iran', 'war', 'israel']",2026-03-27 09:12:32 UTC
2026-03-26 22:47:00+00:00,Google News,https://news.google.com/rss/articles/CBMivgFBVV95cUxPQlRrOTlET3ZHTWhrMl9relpWOVJYTGpHc2xOTkxDaTFqaVU0U0stVkMtZTUzN1hEN044WGlWRG1VcERpclhGMV9ENzBvOXJZcm9kcVhoQ25Gc1FUN01Lb2gyU0RabGg4dDl3VU9XWFM0elJCcDE3MFNEN1Z6T1RSZ0VFSWVfR3p3ZlJ5TkQtYXFzUHVYR0tuTi1oQjRITktkem5RQmpGbUxlZjQzNVpDQmNPZVN5RzVJLWJ2TjJn?oc=5,news,Trump extends deadline for striking Iran's energy plants into April - Reuters,Iran,Iran,Iran,,other,humanitarian,8,0.5,unverified,['iran'],2026-03-27 09:12:32 UTC
2026-03-26 23:36:14+00:00,BBC,https://www.bbc.com/news/articles/cz0el909yp3o?at_medium=RSS&at_campaign=rss,news,Trump's signature to appear on US dollars in first for sitting president,WestAsia,West Asia,USA,,other,other,3,0.8,verified,[],2026-03-27 09:12:32 UTC
2026-03-27 00:11:00+00:00,Google News,https://news.google.com/rss/articles/CBMinwFBVV95cUxPWk94V0ZqOEtWNm9NbF9lWDZTVzlSZ3M5b3Q5cU9mS3g5aEotYXplU2hRQnNWbWJfS3J5NWNCcVM4cDU3bFN2WmJ6dy05ZFBwVGxwRFVaSmJzX0cyckZNUnV5aEZ1VWNQSUZYZnladVd1dGgzN0pPaFBzOFdnMnlSVkpZcVprNV9HS1ZnMzBUOTI3bUNRQ1FWeUNWdUV2T1k?oc=5,news,US-Israel war in Iran is driving mortgage rates higher - CNN,Iran,Iran,Iran,Israel,other,other,3,0.5,unverified,"['iran', 'war', 'israel']",2026-03-27 09:12:32 UTC
2026-03-27 00:13:09+00:00,BBC,https://www.bbc.com/news/articles/c3w384px52no?at_medium=RSS&at_campaign=rss,news,Three charts that are warning signs flashing for Trump on Iran war,Iran,Iran,Iran,,political_statement,other,3,0.8,verified,"['iran', 'war']",2026-03-27 09:12:32 UTC
2026-03-27 01:59:40+00:00,Google News,https://news.google.com/rss/articles/CBMiwAFBVV95cUxPdUQyRU1SSGYwaGhRQ3c0RTdCSFBrd0x3NDg0TTlrN01YZmZibmhJczlmdHBqbngyMVdqaFhEbkR4aDBEWnlsNk0xVnVoWUtvM1B0MmdOODhMc3RHQ1NGaTZ2VF9GazZPODlMV1lIMy1YeUwzVUtzcnhfenNzSWJGNXRvWkZxSFRjT01DTkRna1VHNVFoTFlKcGJlYUVZd3R1ZjVhM0sxdktmY0dEaFpXSUJXaGlwbHNEVFZwNWYxczHSAcYBQVVfeXFMTVhRdkVZRFVmLTc1QlByR3ZIUnFPSDBpOV8xUDU5ckRoXzJyWFBFRWkyYkhPWk5laDNOekRnNnhhTGdYa3pxSlFSRGJ3VmprTEVjQUpKa1ZFUlR6bGxBc19EVnpvUkJsMzFOU0tHRF8wNndicjJyVExVYzNqdWRBdFIzN0VYYWg0QTQ4eWZEaFFvQWxkcTFobm9Tb3VJbHFDSHV0VkVsRG9tWE5IenphclN0YnZwQzhmLU9hRUV1RTBUS000WEln?oc=5,news,"26 days of Iran war: In Israel, a good night's sleep becomes rarest luxury - India Today",Iran,Iran,Iran,Israel,other,other,3,0.5,unverified,"['iran', 'war', 'israel']",2026-03-27 09:12:32 UTC
2026-03-27 02:35:39+00:00,Google News,https://news.google.com/rss/articles/CBMikwFBVV95cUxNQnVVX0lIdGY1aFJLQ0RhaEtQam40a1FBN1BwZEdzWk9kc1FRNGxMNjBtYUphREpCRG5wRS16b0o4cjlyeTA5UmtFU3RxVmg4Y0d6ZTJPSkpwZDBzdk5EX1g4Yk9BUnBVYVJlWmRicTA2S2htSUFXN281TUtBeVFGNzNHRnRTLUNfNDBCN3dLQ3NRTFE?oc=5,news,Iran-Israel war hits WHO’s emergency medical supply deliveries - Medical Buyer,Iran,Iran,Iran,Israel,other,other,3,0.5,unverified,"['iran', 'war', 'israel']",2026-03-27 09:12:32 UTC
2026-03-27 02:41:22+00:00,Google News,https://news.google.com/rss/articles/CBMisgFBVV95cUxNNEF4NzRmUGxPeEFkaVh2cHRIM20xV3JMS2VFYzZnN0VqeFczeHltczVuNmJMV0lHNDBLT0tFM0RvQXJPcnRCbVBNMkhtdnJQX3BVNjB0eUtEMTlENWFxWW1VNE15c0g3XzJiR3BCTElmakhnYVp1N1VFNUw3blA2eldvMUxua3BEcXJlbXJzanFYQ3llWGRqNzdoWWNtZ28tUVhiZUdoazJ0YVhJQTFrNVNR?oc=5,news,Helium shock from Iran–Israel war threatens India’s chip and PCB ambitions - Communications Today,Iran,Iran,Iran,Israel,political_statement,other,5,0.5,unverified,"['iran', 'war', 'israel']",2026-03-27 09:12:32 UTC
2026-03-27 02:53:07+00:00,Google News,https://news.google.com/rss/articles/CBMi4wFBVV95cUxQU3BCVjBOeDJZS1hsRzdJZzEyZ2FIR2xUcXlsRnpENHpJdFJoTEZtSmZtOFJ4dUhjWGFyZFVZaTNMcVFtVFJHcnh0d0hqTHJZSGhkczVyZlVPd0ZSMGY3ck1DLTRhTmZLLXdEeUw3QWNRbW9IRXZCMkNMNzB4eTFXQkZoclNLVTJxNWdXM21HM1RIaEdiYTg1ZFh5c3FnamQzdVNiaGpkVGU4NjVmY3VRdjZXNWJhaGxQTGxRTFpBYzBKVU43TFVOam55aXFmOW50SjZkc0ZLZFVldTd2TTR6ejlwONIB6AFBVV95cUxQXzl3ZmtKTGFSY1NYSzc3UkdNa3hjSUtaXy1EN2RXMVUtRnNfWnNsX0FUbTN4TDFKOG1NcUtITWgyTTFrMkluU3hTXzZORHRmaG1wS1NOLXEtLXljT2FPbzFWMmZONExOVnZ1ckt4M01QNlAzeFF3NFRydTE0eXFPM0lDcnFvSjZMOHdjaFl4Nkg0NDhDS3I1ZF85WWhWT1hyZEtpUWpIY3NVZE1aUGdhdnMwU3dLQzRBNW11QzF5MS1xYkN0VWpfUl9HMVAyajRURDR0aWFBRXFTSHpabWZzZDQxYWV1dGJ4?oc=5,news,Iran-Israel war: How many people have been killed in the West Asia conflict? - The Economic Times,Iran,Iran,Iran,Israel,other,humanitarian,8,0.5,unverified,"['iran', 'war', 'conflict', 'israel']",2026-03-27 09:12:32 UTC
2026-03-27 02:53:34+00:00,Google News,https://news.google.com/rss/articles/CBMiwAFBVV95cUxNWGxZQVdQQ0tpTXNQcjFmUnZUU2VhWFp4U2xjWEhYUEpaRWkzNHNNaFdwLVhQTnNLRzhUSGQwQU5RRzNuVTFCbkVZU0hkZ0QwVVlNWEdNaVpuU0hMay1Hb3BteEMxWkc0cXlHa2N1dkMwcWlwUkFtemRmaUowUG9GS1FUclMxZllCNTZJU0xMaGVIdzFydGpzbV9UaDN1d3RSQ0hEOEZ3LXJVcHVVRmc2RHhNelgtYWowYW9MTnVfWjfSAccBQVVfeXFMTmFpeUVxVEVINkF5emZrSHYwZlhTNTlmZjJGLVl1S0VYRXRSeVlUVS1qSDl3MzBUZUlXdWxoV0FBRDRSOU44Vl9UV1pkMU5sakEyWkY3V01rWXp6a00yOXVLc2JGSTBOeS1lT1J0eVY0ck5EMkg0LUVwdC04NzItOUdmQXZrbExXQ09qQ2FlZHk0QzJXQjNpTi1yU29zZllpYUxlQm1jZDRRbWJlb2ZMMTVYVUw5NGN5NXpyUUJZRXNFcVJNb1Zkcw?oc=5,news,Iran-Israel war highlights: Trump delays Strait of Hormuz deadline as Wall Street has biggest loss of war - The Hindu,Iran,Iran,Iran,Israel,other,humanitarian,8,0.5,unverified,"['iran', 'war', 'israel']",2026-03-27 09:12:32 UTC
2026-03-27 03:21:00+00:00,Google News,https://news.google.com/rss/articles/CBMihAFBVV95cUxNYnJXT21qdVlpVWQtSncwSFd6T3FKVjNqbnFjWnI0X09UYlAtOVI3Y1FYd0d4cE0tV2VhTmhFcFpnVWlFR1ppbVU2OXE1VmlGSTlncnFickEycVpleG5GQXJVQjA4M21fYnE3X294c01kZU13QWpPTWE3Tk80Tk1iVFNrTmU?oc=5,news,The delusion of easy victory from the air may have seduced the US into another war - The Guardian,WestAsia,West Asia,USA,,other,other,3,0.5,unverified,['war'],2026-03-27 09:12:32 UTC
2026-03-27 03:40:00+00:00,Google News,https://news.google.com/rss/articles/CBMi-gFBVV95cUxNaGhQRW5kXzZCVFBUYmFRREFZNm5IRVFJZHNJekcyZV9HRUROX25wUmIwQTMtTkI4ZjBtRHphVXgyeEVYTE00YlFBcHoyNHZybWc5WlM4YWVoZ21mcnRudWd4VGZWTnNXcmEwaHBVZUtMb3RrZEhFQ3pjVnh5RlZWaGJRZnNfRk5US3RwUVB1RHJDZDdUanNENWtwSnpmZGxRNXRQV2djS01iOVdlWlFGN0dVRG93ZkRad3BudmtBQVlJdFdjNE1veEpDZ0VxQ1k5TzFMWFBxUUJRY0xIMjF0Sk9sMkpwS3U2SVlQdUo5NWR6OHRadWMybkp30gH_AUFVX3lxTE12LWVyeVFvUFRtQTI1Zng0NHVJWGliMDdwbFQwdTR4ZldvQVJZWmM4R2VOZE1URHdXQUh1c1RZZmp2QVVQYktLYkZKekZPc1pvekptR2REZWxic1RmVkFidUlGWXN3d3JDZVZiclJaRWU2NHc1RExEZHItWkotdUNla0d1cFV3THhfa0ZOMWlnbERZbEhjVHAyREhKRExBR1ZidDdoazBJdFphbVN5aWZMYXlrcDlsd25OdVN2THZxaXdPNFVnbUdJR25IU1B0Mi0wTkQzTllwc2dwS09FbkN1M1IxUjlBTkxrVUdmZFBOUFJyaG92NVlHTmxCU19mcw?oc=5,news,"US-Iran-Israel War: US Delays Strikes on Iran’s Energy Sites by 10 Days, Donald Trump Explains Reason Behind Decision - Patrika News",Iran,Iran,Iran,Israel,airstrike,military,8,0.5,unverified,"['iran', 'war', 'strike', 'israel']",2026-03-27 09:12:32 UTC
2026-03-27 03:55:00+00:00,Google News,https://news.google.com/rss/articles/CBMie0FVX3lxTE5EQURENkZfcHFtYmthUWc5dUF5SzQzX003TnpOMWRGM3BRaUR0TlRkTlRBeDdqVDV5bnRrUUlZaFBqZWM4b05XaEtMSmR2eFppdkpNLS1yTE5vMi1SQk1YREhyd0N6akgxdE1SRUY4Wml6TWg5RzZIMmhuVQ?oc=5,news,Iran Live Updates: Trump Extends Deadline for Iran to Open Strait of Hormuz or Face Power Grid Strikes - The New York Times,Iran,Iran,Iran,,airstrike,military,8,0.5,unverified,"['iran', 'strike']",2026-03-27 09:12:32 UTC
2026-03-27 04:02:59+00:00,Google News,https://news.google.com/rss/articles/CBMikgFBVV95cUxPOUtncGZjNEVOVjNHcXJEV2c4V2R5TjEzVWxqcXlfVWRTZ29qdTJuX1hPYlBPQlZIcUZVTWR1QWVndzBZV3B3M2dFR281RHBUaF9XXzlKZHlZSVk4a3ZaSEVvUHF5MTJ0TzN4Zk5ESkFDamd4SERkQVdveVlVcnp5ODBPYU5BMGxuYzRRejg2aGNHQdIBogFBVV95cUxNcE5Vd2J2bW4zRWxNRHZ5TGtlV0pOQUppekFpMXdGeXpEMmJ3dS1uSkFSR3VhSE9xQnBqU3JBNlExdGtYUk8yT19HRkdlekFWR0ZZLUpDVmhnNmROaDlZVjN2Q1VIdThKdU5Ydl9TSW9uLUlPNXNERmVhb1hWRG9OLWNteWdvN3pEMFNVcmxQVUoybUdSaUZvTzJvMll4c2hORlE?oc=5,news,"US‑Israel war with Iran, Day 28: What you need to know - Gulf News",Iran,Iran,Iran,Israel,other,other,3,0.5,unverified,"['iran', 'war', 'israel']",2026-03-27 09:12:32 UTC
2026-03-27 04:30:00+00:00,Google News,https://news.google.com/rss/articles/CBMiowFBVV95cUxPMWlFTzBxTnFkd051LXNLQ1JoN1FMbklLZHNKazZhU3RZajdHZW5nT1pQd1JicFV3R2I2ZUFCd21xSWVRRE5obk95b2dYazBaUXk3TlpOVURORzdUbUxjcXl4WVZiT3RtR0Mwcm90MkpESVRadGlEOEs3S1lmWldwSVU5eG9RRE9NYy1vMWNxSnV1YVdvT2NzTUplaldKMENnMFJV?oc=5,news,What we know on Day 28 of the US and Israel’s war with Iran - CNN,Iran,Iran,Iran,Israel,other,other,3,0.5,unverified,"['iran', 'war', 'israel']",2026-03-27 09:12:32 UTC
2026-03-27 04:34:35+00:00,Google News,https://news.google.com/rss/articles/CBMi4AFBVV95cUxPMGxqX0pjS1B0b2w4eG5DV1hNbDNJaWhrOGRqcTJvUFcxTVlOSXF3T1N5a05HYkI5OEozb3NJclN2Z0dYS0MzOHBHMldIQ0dzT0w4d1R6aE92bGUxYUtjcjN1a0JIYUFrakluRXZyeU9YdEg5TWRydE5vQWNhXzl0QmtvWTRrNnc2VVEtUm9rV0NZNTBOYzB0ZkN0UDRNcjhfRmg5SjhQOTJlTjNoWTgtdW9IOXNjYy0yejVlVWFtTUcwcUVSMElZMEVVUUhTRy1Tb3RTMWFxNk1hZVdibEZWSNIB5gFBVV95cUxPZ29nRjJLTWRRTUFXRGJoZC1XUVE0dGZOaTVMQWtNUkU4MFJnc3BkSlB3TmRfMGxJUFpLMUQ1SG9Hc3RYQlZRRVJZakU1dm9zNzNfRkNJdlVPcDdJTVhzUXhtS1YwSFVTX0FUZFlqalJqazhkODJ1cmxoOXNSTExScFF0bjV0cmpmdEJqdmR2WTNTQzlONWRNZlFualdpcUJ0Nm52cWtTTTh3UkdpZUxjWXlXeFF3enh3ckoyQzVWd0FraW9kSmppbU5RZ0IzQmVHWHhSallhZXVTX2J3c2w0WGxvSEdtdw?oc=5,news,Iran mobilises over 1 million ground troops to counter US invasion threat - India Today,Iran,Iran,Iran,USA,troop_movement,other,5,0.5,unverified,['iran'],2026-03-27 09:12:32 UTC
2026-03-27 04:38:00+00:00,Google News,https://news.google.com/rss/articles/CBMie0FVX3lxTE5NZFNZQUw3NGJ0Yk5DT3FuTXU4VGJLTFFDZkVGYlY4elhFdkwtdWNzYWRnVzlRV2ZHWUtNcjh3YzVKLWFIblY2M3AwaEw0eEJsYnRadDlBY1c0eVVTbmhOR2lLUUVnSDlyQ1o5NkRUXzBQUk9zcWppR3RUZw?oc=5,news,"Day 27 of Middle East conflict — US extends pause on Iran energy strikes, Trump says ‘talks are ongoing’ - CNN",Iran,Iran,Iran,USA,airstrike,military,8,0.5,unverified,"['iran', 'talks', 'strike', 'conflict']",2026-03-27 09:12:32 UTC
2026-03-27 04:59:00+00:00,Google News,https://news.google.com/rss/articles/CBMickFVX3lxTE4zeG54NS03eE5rbHY0NE1oV1F2UUJkZ3dya2x3T25BMHJoaDFqLVF6NHkwZklpNWt1SmVSeFVJSnpTWnRQV05JMkE0S1lqRWJlRUNnbzhMSTVteGo2ME5LS2hvckpVOVNSMVJTZ01xaXYtZw?oc=5,news,"Iran War, March 26, 2026: U.S. to Extend Pause for Strikes on Iran Energy Sites, Trump Says - WSJ",Iran,Iran,Iran,USA,airstrike,military,8,0.5,unverified,"['iran', 'war', 'strike']",2026-03-27 09:12:32 UTC
2026-03-27 04:59:56+00:00,Google News,https://news.google.com/rss/articles/CBMi3gFBVV95cUxNRjNaRDR1OEg5MUFmaDdwZF9pSG1FWlZpVV9KVHViZnRTZ2JHcU8xS0oyc0R3WVRCUTdoeENTaUpJd29DZGZYc2VfSm5FME1zLW55bHhZYUo1TzBra2xVekhLLUVYdkduZVBVSWR6UWtiNVItVEtMNjRiSFpKRWtnNlpKYkpfbXJLOHFWd1hZRndQejZtdlBHSEg5YnVibXFfdWRBbGxMNFdXRFRBVFBzNEs5ZVpfNkZibV9ucS1oR1lXSTducGRfTFl5Sno2V2Z3ZG9WY1ZqNDVvdXVtTGfSAeMBQVVfeXFMUGUwU28ybE1vb1h1azhpNGs3dC1tM3V0TmtHUV9CUklGZkkwcDBFN0ZuWUpOZW9YbDE0SFpLMU85bHF3VXo2LWxHTEtFd0pCMFZ4ZzE1THZqWnZfNWdXdVFGV3dTTTJLSFRWdmNKQ0puVWx6V0RRZHliQ1kxa2tuMF9LWjNFYmhad0EyS0lHd3BVa0lTeUlsSHg5S1otYUNhMTFWOE9VN2M0Vzh5bVZLR3JwNUZXTmxleklvMzIyVnhQT3ZhM3J6RVdNdV91ZURaTU9adjB3VVNXYWlvWHpJZld6VDA?oc=5,news,Iran War Day 28 Updates: Trump pauses strikes on Iran's energy sites as Mideast conflict nears a month; Te - The Economic Times,Iran,Iran,Iran,USA,airstrike,military,8,0.5,unverified,"['iran', 'war', 'strike', 'conflict']",2026-03-27 09:12:32 UTC
2026-03-27 05:00:00+00:00,Google News,https://news.google.com/rss/articles/CBMiekFVX3lxTFBrelBqRHNZaUZ5UTdCc3RORV94cFRBd3dFZGc1dE5oMkdQX3pJV1V1aXNqMUpQR0dMWmdMRDVXWlBNdElpU3FKTWVtelNrWGx3ODgzUzQ5bzNxTF84eThZSHVHY0lPWXRnakxpT01NckF3cnhrMlVQYTVB?oc=5,news,Israel’s War With Iran Will End When Trump Says Stop - Bloomberg.com,Iran,Iran,Iran,Israel,other,other,3,0.5,unverified,"['iran', 'war', 'israel']",2026-03-27 09:12:32 UTC
2026-03-27 05:32:20+00:00,Google News,https://news.google.com/rss/articles/CBMimAFBVV95cUxNZ1RObFlmRlVHdTB5aWNEYU51bmFFQXIxLXFtYURBWXZ2WXlrU1lVbXZGZE8xQm9PZHhqSUhtU2pUbTV2LTN4YVNkN21FZjQyYVY2NTRqc3VSS3Bvdnh0eVBrMVM2TmZlcTdtNDNZTURZa3RpRlA4eU01MEJ4SnYzYkw0dG02Unk3clRnN0FIdzNJR18xYXhqYg?oc=5,news,Iran war: Stocks sink as Trump pushes back Hormuz deadline - dw.com,Iran,Iran,Iran,USA,other,humanitarian,8,0.5,unverified,"['iran', 'war']",2026-03-27 09:12:32 UTC
2026-03-27 05:39:47+00:00,Google News,https://news.google.com/rss/articles/CBMi1AFBVV95cUxPR2dRRkdJTkVlVDRKVzV5WngxUkxRckx6N0pBeHh3Rzk5Q1ZfYUVYU251QTJBYTlzUy0xTG9RTV8zY3NYb29yZ0JZZWM2TlZKd0dJTjdqdTZBM2Q3d0M4bDBYNmVCNlhqZzNNNE0yS0dSNjdfTUZ1R0JDbzNmYXlpdEJuMFBfVVVFS2pKd1F2amhSeUJ4amlHODR6Q3psakluaUtmdlFpUmduUjVSZklOTFUxSW9fRnl2X19wSy1iUlRHQnFPX0M5WjZoVHBfaFBOcUFYS9IB2wFBVV95cUxOMDd0LXI0aDdDeDRvZXFpQzkzRnNZMlF4NHlaTFdfWjk3eU5RMm1hWThVVHFOMWVSa0wzM2dzNmI5eXhHZGZObm9mWnhrZVlMM0hYcWZ3SlBFVnQ4YzdiUEotUXdpSjBOb0xTdjFGTEd4eTVkcE0zNVMxMUNTSFVaR0h0SW11WGdQQXY0VXF0bmNCeVcxMHBic3AteEhHa3RxMld1MlQtTjAxT1I5M0t0SGNrMVZkWEdadVJEaVp4WHRndmE0ck9TMG00aGNfZTRHSGhaaVZNU2t4dWc?oc=5,news,U.S.-Israel-Iran war: List of countries allowed to cross the Strait of Hormuz - The Hindu,Iran,Iran,Iran,Israel,other,other,3,0.5,unverified,"['iran', 'war', 'israel']",2026-03-27 09:12:32 UTC
2026-03-27 05:42:54+00:00,Google News,https://news.google.com/rss/articles/CBMirwFBVV95cUxNblYxZXJsVy10bm5uMEJrdGlfOXlvQl9WQllEMmxDUWJhb2NPUjY3a181eUE0MWFsRHh3SWNjalNVYXRiVFdFS25acHl5WjVvU19rSldtMUJNSXRXSmdiSWkwRGhoM0ZWd3NhcEJsdHFFOXZuR25HVHB0UDVtMENSdHZXWFZmMzA2MjQ3azZCb3h4bE54M2FqbjJpYUtlaDBvaXMtVGNxSU9vR3dtZ0RN0gG0AUFVX3lxTFAzNUFHanlRY0EtZEUwNUo1SGNaUnpoVDBqNGhrM1NtVGNsMkZFbllhQldGZVNGc25pQnR2eXRhVTY3TUJtbHhnd0h4WTAtMUVHQVJ3QlRsOHpoZUxfM1kycmxzZWkwcnJldzhwLXVTRTI0TXEwYUpQTDZOV0NMX0dBME93LTVvdlVjU1pQcGFDTUJkQnYwemU3TW5uUTE2dXpQaDFaYWYwZUxzWWxNaEJYVHdFcQ?oc=5,news,Sri Lanka braces for new economic crisis as war on Iran continues - Al Jazeera,Iran,Iran,Iran,,other,other,3,0.5,unverified,"['iran', 'war']",2026-03-27 09:12:32 UTC
2026-03-27 06:02:36+00:00,Google News,https://news.google.com/rss/articles/CBMi0gFBVV95cUxORnN1dWIxNDFLY2R0elJRSk1QUFg4VlhvMmQwU0dKSFd5RDZUS25aa3lQQzVqVTlCT3hvSE1VbUtkWGs0aktPMlljLWsxcjJ6dU14OTVvajFZN3pRUHpqVGY2b1pPTFZvdmd6dGIwTEh0TzlSdW1iYUtYYl9qMXl0Z21QcTR6azFlVVpTczJ1UDVCM1JLZ216cW16cUhNdTQ0Uzg0OGRuVC1ra0EtbWlfN29XWHVvUU41bEtFZU1LTjJ5RHhKOTNnN1NsNHczZHpDeHfSAdcBQVVfeXFMT1NpOFFLMkMzb2d2dlpXMXlVeHNydVphZy0yV0FkSllKVE8wV2MxLWVtaDVsUXh0Y3lLbUVKMmxXNWJKdjJFVGhqamdnU2pzZk5xV1VwODNsd2h3c3dwSkpvQ3RaRTE5QldFQ3oyb1MyMTdkQ200SFNOUVcweXY5TkNMUmRETzRVdGxSVWZVbGttaGNFMUFZY2FCeTVLTHZPckg2dVd4eWN0dk45Z0RZMU1BVGNfakV0WkdveVZ2VHUtUVVGWEZMVVhfcU4tUWVXWFBwY3lsS2M?oc=5,news,‘Thank You India’ Written On Iranian Missiles As Tehran Launches 83rd Wave Of Strikes On Israel - News18,Iran,Tehran,Iran,Israel,missile_attack,military,8,0.5,unverified,"['missile', 'tehran', 'israel', 'iran', 'strike']",2026-03-27 09:12:32 UTC
2026-03-27 06:32:00+00:00,Google News,https://news.google.com/rss/articles/CBMimwJBVV95cUxPZWNTYkZtTEQ2ZEZ3QVRLT0ViRkFXcHdQczdWOVdpSXBKd1pSVXptb0M5SnpmQ0QwbklYYTV6U2dIcnRnQWlKSUlhN185TjhuRE1fWXdqZl9kdmoxbFZvVERCS1pxN28xTFluWlowQXZyUmFvUXo4OWFRR2wxSkF0S0tLa1owU1N5eTBNbzlHU3liRnVhajYtSnBCLVVmbjluYTZraXpRQjNralBDb1g5dFQ3cG5reXo5akVMYUZMZDFjc09NU2lmR1VKcUNMX2JFZDNzRWxBYW5WVzlFd2o0OFlMbHQtSk92bmpRdWhnTE9nWGFKeXVXZDM4QUUtSWZyV3pOYWQ1Y2ZLVGNrWTZBSXVVRHNiaEFTdzVZ0gGgAkFVX3lxTE10allTZ3V5Unllb3JmQnBrWVNHcnE3OVNGY2VGaFZQdnY5aGdOSzJIeDlyXzZsNHpHVXRnT0RmckEyOERrOG82VkNmRmdfSUY2ejN5S0tZVHdXQV9DX0RFdHFzeC1jajB2MDlfWWFPZVJvNzYzT2s1ajRkeU5hR211bmlxbHJCZEhkck1KeC1xQmhjS0lLT0p2VnpHRnNVTWpHclpoaUNtTnZyeGhybmNBZGFCUXpzRWUxTjJ0WmM5bHNjN3NXSlhPVnBnZkpiQkoxbG9aVGRadV9BZXZzSDNIZUkyWGZIdVVpaklUSzBvTDBIMm9SWVcxeEd1RVF0bmN1aHJ0VFd6ZDd0bFFkb1FfaXpHMm9mUjcxNlZreGZJSA?oc=5,news,Trump extends Hormuz deadline even as strikes continue; oil prices ease: What's happening in US-Israel vs - The Times of India,Israel,Israel,Israel,USA,airstrike,military,8,0.5,unverified,"['strike', 'israel']",2026-03-27 09:12:32 UTC
2026-03-27 06:38:08+00:00,Google News,https://news.google.com/rss/articles/CBMiowFBVV95cUxNVml3WlpHU1hfbGV5TXZUcVNZWmlZbnNha3NJcVBPb0NqTXVwZVFwbmRrZmd4dTR6TldCNnA0dlhxYnhNb3hCek0tSFF4NU9oQlhRVXh2RzdLLUdLMWpaeS1PanhnX0JIbmlLUnlvOHh3LW1aemk2cXNpLUtiVWd5QV9YMEljc2FrTnUyZXN6TklhYkpPNk5HcHJoS0ttNDdGZzIw0gGoAUFVX3lxTE5sejA5Z2FrLXAtUUZibmgtVUhUOTlKbi1TRlJIZXU3RDJPNExlMXRSOG9aNmNIUnIyYWVGYnloc1JBT2hSejQtOTlyRFlVN3B0NDFwZ0ZRUEJ3dmlJWVlYV3BUUXZMamZ0OGNfOHRGMmUxMm9zSGhyclphRy01ODhKUHRJTW5TV2hQbVR2a05TbUJndmd6QV90MlFhVTN0V3U3VmhjRTRkUA?oc=5,news,US-Israel war on Iran: What’s happening on day 28 of attacks? - Al Jazeera,Iran,Iran,Iran,Israel,other,military,8,0.5,unverified,"['iran', 'attack', 'war', 'israel']",2026-03-27 09:12:32 UTC
2026-03-27 06:46:24+00:00,Google News,https://news.google.com/rss/articles/CBMiV0FVX3lxTE9YRVNVUkpJV3JrZHEwcjN2N1VaZ2h2WjZMampYT1lIdU5FY0NVMFNVcnpKbG5OTVB0azhoZlNSZDZmaGkyaTd0azVfcms1UWhkTnN4SG1Rdw?oc=5,news,What should Israel's goals be in the Iran war? - The Jerusalem Post,Israel,Jerusalem,Iran,Israel,other,other,3,0.5,unverified,"['iran', 'war', 'israel']",2026-03-27 09:12:32 UTC
2026-03-27 06:54:40+00:00,Google News,https://news.google.com/rss/articles/CBMiqgFBVV95cUxPVEgybEpZOEFxMEFmbVZQZFdCSEw5Y01OdC10OXp2alpwNHRQZWhwcDZnYkI1akRMRXY5V0RxRkZHMVVLRW1pVTEzTlVFRGVzMkpsOUVqbUpoZjRWVzlzRlJvS25HNndXT3JvQ3pkcEc5R1UxLWNYV1lvUWlJY3g2VWxVUEZ5eFJyU3psWDNiNkE1X1JIVVRXX3J3U2tPX2VvdzlrZHQyZG0zQQ?oc=5,news,"CM Omar condemns US-Israel war on Iran, urges Centre to push for de-escalation - kashmirconvener.com",Iran,Iran,Iran,Israel,other,other,3,0.5,unverified,"['iran', 'war', 'israel']",2026-03-27 09:12:32 UTC
2026-03-27 06:56:00+00:00,Google News,https://news.google.com/rss/articles/CBMiswFBVV95cUxOLWlyQklsX2hCbHE1QVJVVjdKMWdWTUJRdHNrZlVROGNLUHhsZlh6OVlGLWZidmhkbjVkTlhkVGFzS3V0djRiWEU5X3dtcWFYS1RNXzZrRTloQVRZZTZqTW1kTlo4ZW5MZGJRSGhQWXFjZURIQUlpLVhfb3dIUHQ1Q2RRaWRpRW5RR1dCUTNNQWhrVmNTaUVwdzZkUzdVeE5zU3MzY0VpdFZIZmsxMmtrbXZ5TdIBuAFBVV95cUxQNHRBQW1jclJpQUdXV0lIZW9JYU9keGJpYng5Ni1OX3hkQ1dTcmZHNUp4WVlxUlEyMFVCcGotdFJNSFpmQTFJaE91Zmt4MjNudVV0ajh4eHVFYU1wSlRUYTQtMlV4dnNYWlBTYjVxX3J3bzFDVG5fYUJPOGJJT2RlOVZ4a09vWjdFc2laMWFyVERDM205cUtoYnlid19aa3czb0JXbkNXd29oVFpFWkZVSXppUFNJZHJz?oc=5,news,Why The US-Israel War On Iran Could Soon Delay Your MRI Scan - News18,Iran,Iran,Iran,Israel,other,other,3,0.5,unverified,"['iran', 'war', 'israel']",2026-03-27 09:12:32 UTC
2026-03-27 07:06:18+00:00,Google News,https://news.google.com/rss/articles/CBMiywFBVV95cUxQSDdPRnZ5U2Qxak05LUFJZ05xRlprWVMxbHU2VmdvSFoyQVZhcTA0WE5tLUJIZHBaSDZTNWN6M2ppbjRsQnF5Ml8xdG1pY0JVZWp1SDM1V0ViNzhrbWJ1M3g1VThuaTFWOGVZQ09vYnVmd0xEcEZxbnJzZmE4V1g1YnNzN3pNelZRc0tHVlVucm1nVGNJa2JEN1VtdTRoc1lJaVU5eWIyZ2ljN01CSUFneU5LWmxRUmxEcFl3VWtPTmhKRVczTEM4NlVZVQ?oc=5,news,US-Iran-Israel War: Trump Unveils Iran's Alleged 'Big Present' Amid Claims Of Negotiations - Republic World,Iran,Iran,Iran,Israel,other,political,3,0.4,unverified,"['iran', 'war', 'israel']",2026-03-27 09:12:32 UTC
2026-03-27 07:06:22+00:00,Google News,https://news.google.com/rss/articles/CBMizgFBVV95cUxPaV9nY1ZWVUN1NTlHTUtCTzZXbUNBMlFrSVhrWHNCSEp1RVJGTDl0bWczNldudzMtNWlOcnlmOVAtUnU1VmRjRW13WEJQVEt5MnNHNlJ6Z3JlaEFQMmRsckJIY2dwcjZ1SDVLZ05zZTliRjBSRmdldTRIaHN6MUdZQnJLVGJQUzM2UElYOExHOVpGcUdhWEdpc3MxY2NiU1JRbEFwWjNXenJ3cmppTFNPeWQ4cTRCeGxlckFsalQzZXpUM25BNTBfSW0wZmd6QdIB4wFBVV95cUxPTm9Rem5PWV9yekI3MWs1YkJiMU4wSHJqaHVZd1hIdXdlMVFjaWpJYjNEWXI4bzFRMG9xQ3ZkUzBWVWl5bU1lZk4wMGZ1Rkg2V0dvMnRHLTMzR1RZUktMOW53N096bVc1NDZsbmZmVnZ5UkdvR2VtRjNJZGNTWHhSb0hYenNPektfYkVYWVpzTDhQMDRralNQWDNzeXhXZDExNjJLVUdhM3RFT2Y3Vkc0bWtoUG1uUWFwNFl5V3ZhdkdCN3dadDhOcWJrajJyZGlTYzVqN3E5bktZc09YSFVRTE5ucw?oc=5,news,Fog of war or media smokescreen? When truth became a casualty in the Iran vs US-Israel conflict - Newslaundry,Iran,Iran,Iran,Israel,other,other,3,0.5,unverified,"['iran', 'war', 'conflict', 'israel']",2026-03-27 09:12:32 UTC
2026-03-27 07:07:30+00:00,Google News,https://news.google.com/rss/articles/CBMitAFBVV95cUxNeVJvTklRb1FfQVJjRnlpWHFtaS1nVHFhbGszbkVRc1NLNEtvRTJ3OGMyVXlETTFoZ0hQU1UzLWx0TUZsd2FsRFByVV91MDdrTGdhZFN1UTQxdENOT0RoYTY3MEdnOXlTZE9jbmw4cl85TGwyTzRER0ZqeG5HLUpQbktCVDJfSnA1cTdDNVdvQlJQUUFDX25uMEVvT1pBX1k4SU1kdEF3MHN5RTZHeTBWUjVhOHI?oc=5,news,Opinion | Iran May Be Far More Prepared For A 'Ground Invasion' Than Trump Thinks - NDTV,Iran,Iran,Iran,,other,other,3,0.5,unverified,['iran'],2026-03-27 09:12:32 UTC
2026-03-27 07:30:32+00:00,Google News,https://news.google.com/rss/articles/CBMi-AFBVV95cUxNa192cHV3QzRIZjRMRUZTcHYzMlAyVWI1LTBycGhDb2xMVmRnYmlNM214ZGhQRjNtNmZ2WDlVVU5Xb1dkcEVTYUd5UWRDdHE4bkg3M0VrTXphWW9hM05GaUZnLUxmUTdQaUVLcnl5dnRGVzgtV0JDY0NXY0pVUlJVZkJkZGpLSmtoVWQ0NUdVck1LZ21qWHNST1pGZVpibzN4Q3lEVVI1Rk40T0lzaUlDTzZfaDM2X3haeVlrS0hJRnZhMTM0RlFYYXpsTUtiR1ZfZ0RDZzQ5SnJEdkloOUhHRm8zVmVISDlDN1BxUDlNWHFZUzNFSDZaOA?oc=5,news,"US Israel Iran War Latest News Update: Is US Planning to Send 10,000 More Troops to West Asia While Pushing for Iran Talks? - The Sunday Guardian",Iran,Iran,Iran,Israel,troop_movement,political,3,0.5,unverified,"['iran', 'talks', 'war', 'israel']",2026-03-27 09:12:32 UTC
2026-03-27 08:15:00+00:00,Google News,https://news.google.com/rss/articles/CBMijwFBVV95cUxQX3FNZEN2NGZTV0tvV0JKMlZVUHQ4eV9uMEFJaE1tVHFZMHAyV0dUM3hSWEcxZnl6bkhpMnU0Tm1qQkg5SEVoMVBFQ2hvWDZOenFzazlPZDhrWDRnN0JDMUh5d1p1YXVLbmpvRHI4elJyTWVScG8yNE9MR1JrUWZrdUh4ekFkUXBueXlXalBsUdIBlAFBVV95cUxNU3I3MHB3R1F4TWp3SlZmT0pzYkViU2MwZkY3SE9nTkZHdGMybHV5MUxYaHozVEpFbjN3WThlVm1YQlZHV3gwS1ByUXlfUFlPY3cwdEtrYkZrcEF5QVg3aG1OdlotTElHS2hCeGdGT29wS1c5RnVidy1BZ3FFM01xWDR4WlBNUlAwNDY3SDhiM19GUFBR?oc=5,news,How extensive is Russia’s military aid to Iran? - Al Jazeera,Iran,Iran,Iran,USA,other,humanitarian,5,0.5,unverified,['iran'],2026-03-27 09:12:32 UTC
2026-03-27 08:28:25+00:00,Google News,https://news.google.com/rss/articles/CBMivAFBVV95cUxOallkQUVfOTEzbVIyNlpMb3QzclhqenF4WUw0V0NueTNXSlR2SXZNMVBxYUhVYkhmR1QtbDBsWWd2QlM3N3R0N1hNdmJUZHg0amgwN01XVFdMVmg2U1VKblJiNDd3SG1RQnd3OG8xUnQ4RlVESmxtQUxYNDNfbVhVX3ZTS0o2N3J5SDI3YUNtZUVHX1hSYWs2b2lFcGNfbEhvQlByQzk3bzBudTZBWTBoVF9fU3JxcEVZTjhxbtIBwgFBVV95cUxORlZfRlprUF8wT3lFaXMzcUEzb25jMWprQXY4Q1FjVmZFQ0EycFQyblZEUnFpVkdJTDd1MHB5bGtVYnFfRzgxUGFCM1lVbVVxZU8taG5BLWRXZkt4cHFCTnN5S0hRYUJWdmdjVGhvUHlUSmVLRDcxVXBwcktVZTRoZ1VwN2NnS3IyX3liT211emFmN0dhZWpjSzZqWFMwa1c5elU1em0zcTRUbm5CVk9QRlZjV3VTdFFOY1phWjhYdXVxUQ?oc=5,news,Iran war live: Trump delays attacks on Iranian energy sector by 10 days - Al Jazeera,Iran,Iran,Iran,,other,military,8,0.5,unverified,"['iran', 'attack', 'war']",2026-03-27 09:12:32 UTC
2026-03-27 08:52:00+00:00,Google News,https://news.google.com/rss/articles/CBMi0gFBVV95cUxOYVNzWXNOZW9VTzRCd1g4ckd4WFBSMlRSMWJYdW9objFZSzhEZTVfSjV0R2hiajV0Z0gxbUVyUllxVTlKZUVsV2J6MHJ2Rm9yWjdoN1JmTHhuV1BhLVN4ZzFfVHhhdGdLNldhUURacmVVNWZiVDY5TEFfUXRxVEhmTTdPNmRobmZOcXM2aTNsdWd5MkNzOEtxRzRNSlAwTDhyLTRGT1JMMFlDWHhsV01TSDBsSXVhNHktSXZYZ0VCeGZVV21sd2VEdktYWFFudHRfcmc?oc=5,news,Middle East crisis live: Trump extends pause on energy site strikes; German minister says US-Iran talks to take place ‘very soon’ - The Guardian,Iran,Iran,Iran,USA,airstrike,military,8,0.5,unverified,"['iran', 'talks', 'strike']",2026-03-27 09:12:32 UTC
2026-03-27 08:55:12+00:00,Google News,https://news.google.com/rss/articles/CBMi0gJBVV95cUxQNl84XzZTem5SZ1ZTNkhiSDBOLWJ1ZUhlTlFIaVhXaklwTkdwOWxpMFhidFp6TG1JUFFVZkNUMkhLNUw2b3hZMnFGdUF1dk9POWdqb2JsWmJkTDJHSzBfbXQtdWloSFBiNmpwOE5ldGtkcVVfRTRDNzJNUnlCcEViRmUxZU92OGlXVEpDeFZFeUNrdEs3QjV6cFRUSGVWeUVIYVlfT1ZxRlFmWWJ0azlhRDNUZ1N6NF9HY3pWN09WNGFXOFpsX0xWN3ZjbllmSU45YmNEVEtIR2tMekIwUkp2aTNHelkxclloYnJhajJEcS0zVkphWVZIbkk4TmtyOGVRLWdJVkhBTjZtSDNrTDkyelZHdGpHUjB4VEJRb0xOdjRidklJdkdvOUtDbVRHdGZENnMwZ2t3RkJxblhnS2xzYlFsZTl3b1FXUW1WMlFIM3JGZ9IB1wJBVV95cUxNN0tKWUhkaHZlODJ5ZHpoOU1mOGtFNFhUTFRmaFk1Z2cwSk1GRS1FdVE3Q0VmNHpFUjFtMkFMNWZOdGcxbWdGNmQzcFJyN2VYZFNDbHh3ZmplVlVEZ1BYTVViNXBlODE4NFdUZDdCUEswT3o3WDMxUXJzNVFob2dWOF9lRG1RWlBQUnNCcnd1ejJlRFQ2cGNEUm1UY1BrdXJzQzdfQTVWenl6bkt2cEE0WmdxVTFOWFJfa2JNQ05pSzFlTFA0MjFUeXRYTDdNNG5HRHRFTy1handLQnlWQkxwTTNQZWs1NVZaMVFwTEJ5NVZOb3Q1UV9pS1JfbGtxRzdieHpIT01sX29xZGxMdWRHa1ExMWFQZXJOMFFzSmJxVFBiZ3NudGtmOUZsNEZzZHY4RzRXTWFrOVc5UGF4cmlBS01TRHlubEtMT1FGUElPd09VNDFheXc0?oc=5,news,US-Israel-Iran War News Live Updates: India has sought US waiver to buy Russian LNG amid Gulf supply disruptions - The Times of India,Iran,Iran,Iran,Israel,other,other,3,0.5,unverified,"['iran', 'war', 'israel']",2026-03-27 09:12:32 UTC
2026-03-27 09:09:36+00:00,BBC,https://www.bbc.com/news/articles/cq8wkq1n9epo?at_medium=RSS&at_campaign=rss,news,Rationing power and diluting petrol - how African countries are coping with effects of Iran war,Iran,Iran,Iran,,other,other,3,0.8,verified,"['iran', 'war']",2026-03-27 09:12:32 UTC
